global_rank,domain,category,primary_market,monthly_visits,bounce_rate_pct,avg_session_duration_s,stickiness_index,last_crawled
1,google.com,Social,DE,996572612,56.85,497.97,14.6,2026-02-07
2,gtld-servers.net,Social,IN,635529412,40.19,281.25,11.66,2026-02-07
3,microsoft.com,Social,IN,525892610,59.96,507.02,14.09,2026-02-07
4,facebook.com,News,BR,589445551,34.35,193.58,9.39,2026-02-07
5,mail.ru,Finance,BR,402317681,42.3,300.91,11.86,2026-02-07
6,cloudflare.com,Search,GB,334143655,49.34,74.71,2.52,2026-02-07
7,googleapis.com,Social,GB,376941229,55.65,389.54,11.67,2026-02-07
8,apple.com,Social,JP,415012900,39.04,303.73,12.97,2026-02-07
9,youtube.com,Streaming,BR,296821826,29.58,1715.01,96.63,2026-02-07
10,amazonaws.com,Tech,DE,263102204,38.34,157.76,6.86,2026-02-07
11,instagram.com,Finance,DE,252270262,52.58,464.0,14.71,2026-02-07
12,dzen.ru,News,US,346164172,55.04,483.48,14.64,2026-02-07
13,gstatic.com,Finance,DE,249773462,32.0,125.61,6.54,2026-02-07
14,akamai.net,Social,JP,307122589,47.51,341.08,11.97,2026-02-07
15,office.com,Search,IN,216739182,47.19,110.12,3.89,2026-02-07
16,twitter.com,Streaming,BR,211271952,19.51,1845.97,157.69,2026-02-07
17,googlevideo.com,Streaming,JP,236317374,22.06,2348.96,177.47,2026-02-07
18,live.com,Streaming,IN,273843355,28.29,885.83,52.19,2026-02-07
19,linkedin.com,Social,US,207815027,46.04,206.72,7.48,2026-02-07
20,fbcdn.net,Streaming,IN,191331971,23.77,1888.92,132.44,2026-02-07
21,googletagmanager.com,News,DE,202396575,42.42,538.05,21.14,2026-02-07
22,akadns.net,Search,US,185606465,36.09,145.4,6.71,2026-02-07
23,akamaiedge.net,Search,IN,222002758,44.2,99.63,3.76,2026-02-07
24,amazon.com,Streaming,IN,176310109,18.67,851.62,76.02,2026-02-07
25,workers.dev,E-commerce,BR,200157336,36.23,131.35,6.04,2026-02-07
26,microsoftonline.com,News,GB,161153089,40.06,182.28,7.58,2026-02-07
27,azure.com,Finance,JP,167022433,58.03,562.12,16.14,2026-02-07
28,googleusercontent.com,Search,BR,221506499,40.54,172.34,7.09,2026-02-07
29,wikipedia.org,Social,GB,213194289,43.27,448.64,17.28,2026-02-07
30,windowsupdate.com,Streaming,GB,212804436,25.5,846.58,55.33,2026-02-07
31,github.com,Finance,US,145412192,54.44,596.33,18.26,2026-02-07
32,doubleclick.net,Social,GB,175832912,38.3,534.14,23.24,2026-02-07
33,domaincontrol.com,News,US,142085880,33.56,277.79,13.8,2026-02-07
34,bing.com,E-commerce,GB,180366796,53.39,586.68,18.31,2026-02-07
35,digicert.com,Tech,DE,191275221,53.98,169.63,5.24,2026-02-07
36,whatsapp.net,Finance,DE,169077552,33.68,234.94,11.63,2026-02-07
37,netflix.com,Streaming,GB,147029001,26.09,1489.32,95.14,2026-02-07
38,fastly.net,News,IN,149957155,37.24,204.92,9.17,2026-02-07
39,apple-dns.net,Social,US,149874320,41.19,512.13,20.72,2026-02-07
40,office.net,News,JP,176300048,54.95,400.08,12.13,2026-02-07
41,wordpress.org,E-commerce,US,148082499,48.82,545.93,18.64,2026-02-07
42,aaplimg.com,Social,DE,166316178,59.09,208.11,5.87,2026-02-07
43,appsflyersdk.com,E-commerce,GB,132167875,45.35,534.04,19.63,2026-02-07
44,e2ro.com,Social,GB,145597942,34.43,474.65,22.98,2026-02-07
45,youtu.be,News,IN,147816685,39.64,435.48,18.31,2026-02-07
46,icloud.com,Search,BR,159710170,39.79,138.0,5.78,2026-02-07
47,sharepoint.com,Search,DE,151090731,49.66,134.57,4.52,2026-02-07
48,pinterest.com,Finance,DE,172362276,57.55,405.68,11.75,2026-02-07
49,trafficmanager.net,E-commerce,DE,123203308,46.02,456.76,16.54,2026-02-07
50,ripn.net,Finance,BR,143340973,50.78,265.42,8.71,2026-02-07
51,whatsapp.com,Social,JP,121938978,49.63,144.54,4.85,2026-02-07
52,yahoo.com,News,BR,134085268,52.04,377.63,12.09,2026-02-07
53,akam.net,Finance,JP,158009610,56.85,345.89,10.14,2026-02-07
54,windows.net,E-commerce,US,109356676,47.32,280.79,9.89,2026-02-07
55,googlesyndication.com,Search,JP,159796890,46.18,110.44,3.99,2026-02-07
56,goo.gl,Finance,US,149796748,33.91,431.92,21.23,2026-02-07
57,skype.com,Streaming,JP,136821594,15.38,1673.56,181.36,2026-02-07
58,x.com,News,IN,124554412,45.43,296.04,10.86,2026-02-07
59,msn.com,Streaming,JP,143715077,21.64,1349.21,103.91,2026-02-07
60,gandi.net,News,GB,146979299,38.69,546.55,23.54,2026-02-07
61,spotify.com,E-commerce,GB,106910304,35.2,228.58,10.82,2026-02-07
62,pv-cdn.net,Finance,IN,123518820,45.21,482.38,17.78,2026-02-07
63,cloudfront.net,Tech,IN,137657450,30.03,171.03,9.49,2026-02-07
64,ntp.org,Tech,BR,144269671,50.87,299.24,9.8,2026-02-07
65,tiktok.com,Streaming,BR,125382903,24.27,2302.81,158.14,2026-02-07
66,vimeo.com,News,US,104760228,52.55,485.37,15.39,2026-02-07
67,tiktokcdn.com,E-commerce,BR,133067330,49.68,320.69,10.76,2026-02-07
68,adobe.com,Streaming,JP,116553823,23.92,1724.93,120.19,2026-02-07
69,cloudflare.net,Social,BR,114127938,46.8,330.23,11.76,2026-02-07
70,roblox.com,Search,BR,138014671,43.66,129.82,4.96,2026-02-07
71,gvt2.com,Search,IN,119251379,40.63,148.43,6.09,2026-02-07
72,gvt1.com,Search,US,127396807,46.75,178.92,6.38,2026-02-07
73,googledomains.com,Search,US,96865454,36.91,174.56,7.88,2026-02-07
74,yandex.net,Search,JP,110007516,40.97,121.7,4.95,2026-02-07
75,ytimg.com,Finance,IN,105210092,53.32,226.41,7.08,2026-02-07
76,tiktokv.com,Social,JP,102276655,51.04,505.15,16.5,2026-02-07
77,nic.ru,News,DE,101068570,36.49,313.01,14.3,2026-02-07
78,wa.me,Finance,IN,92099550,57.7,564.57,16.31,2026-02-07
79,zoom.us,Search,US,134286769,37.38,132.16,5.89,2026-02-07
80,google-analytics.com,E-commerce,IN,93811453,46.2,572.61,20.66,2026-02-07
81,office365.com,Streaming,JP,89571837,28.61,1110.63,64.7,2026-02-07
82,qq.com,Social,JP,99022170,39.38,305.37,12.92,2026-02-07
83,cloudflare-dns.com,Streaming,GB,94714232,23.43,1354.54,96.35,2026-02-07
84,edgekey.net,Streaming,GB,105263198,27.55,1253.81,75.85,2026-02-07
85,nginx.org,E-commerce,US,107720659,30.51,336.79,18.4,2026-02-07
86,opera.com,Finance,BR,93228957,52.39,265.78,8.46,2026-02-07
87,yandex.ru,Tech,IN,114905672,51.25,502.04,16.33,2026-02-07
88,root-servers.net,Social,JP,96115886,31.53,517.17,27.34,2026-02-07
89,samsung.com,News,IN,87374725,37.56,450.89,20.01,2026-02-07
90,bit.ly,Tech,US,126027496,55.39,592.64,17.83,2026-02-07
91,vedcdnlb.com,Tech,BR,107839816,44.19,583.93,22.02,2026-02-07
92,baidu.com,Finance,BR,115517550,32.81,206.89,10.51,2026-02-07
93,edgesuite.net,News,BR,103071215,47.94,520.98,18.11,2026-02-07
94,nginx.com,Search,IN,116860451,49.79,142.56,4.77,2026-02-07
95,wordpress.com,Streaming,BR,110731363,17.59,797.37,75.55,2026-02-07
96,okcdn.ru,Social,GB,81730122,34.77,200.43,9.61,2026-02-07
97,ui.com,E-commerce,US,108152824,42.64,416.24,16.27,2026-02-07
98,sentry.io,Tech,BR,82010552,33.18,124.17,6.24,2026-02-07
99,unity3d.com,Streaming,BR,104101893,16.57,2054.85,206.68,2026-02-07
100,windows.com,Search,GB,111540216,36.97,134.58,6.07,2026-02-07
101,t-msedge.net,Tech,BR,108946965,30.56,493.74,26.93,2026-02-07
102,mozilla.org,Finance,DE,81766226,33.26,438.97,22.0,2026-02-07
103,intuit.com,Tech,IN,98260992,52.6,593.37,18.8,2026-02-07
104,reddit.com,Streaming,DE,102300667,16.4,884.62,89.9,2026-02-07
105,a2z.com,Streaming,GB,90806819,19.48,660.99,56.55,2026-02-07
106,googleadservices.com,E-commerce,US,100469582,36.23,480.1,22.09,2026-02-07
107,paypal.com,News,US,113740398,49.48,442.36,14.9,2026-02-07
108,cdninstagram.com,Search,DE,107737440,36.34,74.95,3.44,2026-02-07
109,vk.com,E-commerce,JP,102811924,44.15,394.86,14.91,2026-02-07
110,blogspot.com,Social,US,105076413,57.54,315.52,9.14,2026-02-07
111,discord.gg,Search,JP,87350610,41.82,160.69,6.4,2026-02-07
112,t.me,Tech,JP,85164945,40.73,266.57,10.91,2026-02-07
113,europa.eu,Finance,BR,94196062,50.59,328.1,10.81,2026-02-07
114,snapchat.com,Streaming,BR,102229724,23.22,1344.13,96.48,2026-02-07
115,bytefcdn-oversea.com,Finance,GB,82562944,32.65,586.57,29.94,2026-02-07
116,dns.google,News,IN,84036980,44.09,534.14,20.19,2026-02-07
117,epicgames.com,Tech,US,87732685,54.26,259.79,7.98,2026-02-07
118,ax-msedge.net,E-commerce,DE,106855334,52.24,237.07,7.56,2026-02-07
119,dnsowl.com,News,US,102010416,54.44,191.8,5.87,2026-02-07
120,app-measurement.com,Streaming,JP,100874702,21.07,2293.23,181.4,2026-02-07
121,amazon-adsystem.com,News,JP,90685661,30.32,516.33,28.38,2026-02-07
122,github.io,Social,US,74131049,52.02,518.06,16.6,2026-02-07
123,apache.org,Tech,GB,93353171,54.46,496.48,15.19,2026-02-07
124,cloud.microsoft,Finance,US,99289937,49.68,521.41,17.49,2026-02-07
125,amazon.dev,Social,BR,93268540,30.96,593.73,31.96,2026-02-07
126,gravatar.com,Finance,IN,87832371,46.34,494.84,17.8,2026-02-07
127,outlook.com,E-commerce,IN,97097740,46.63,316.16,11.3,2026-02-07
128,dropbox.com,Search,DE,96974937,44.17,121.27,4.58,2026-02-07
129,pki.goog,E-commerce,IN,75095541,35.85,139.83,6.5,2026-02-07
130,amazonvideo.com,Streaming,DE,93055959,17.34,2332.82,224.22,2026-02-07
131,msftncsi.com,Tech,BR,73954831,49.8,244.35,8.18,2026-02-07
132,vecdnlb.com,Finance,BR,102807857,40.2,439.36,18.22,2026-02-07
133,trbcdn.net,Social,GB,97691027,45.05,569.73,21.08,2026-02-07
134,steamserver.net,News,DE,98807122,55.45,187.69,5.64,2026-02-07
135,app-analytics-services.com,E-commerce,IN,101281492,37.43,293.53,13.07,2026-02-07
136,xiaomi.com,Tech,IN,94085018,38.79,516.14,22.18,2026-02-07
137,mulesoft.com,Search,IN,75346263,47.13,152.65,5.4,2026-02-07
138,criteo.com,Streaming,US,100769164,25.47,1138.8,74.52,2026-02-07
139,wac-msedge.net,Search,GB,93712033,43.75,129.88,4.95,2026-02-07
140,one.one,Tech,US,93650671,58.01,315.19,9.06,2026-02-07
141,archive.org,Finance,US,94494711,59.43,400.3,11.23,2026-02-07
142,nih.gov,Finance,IN,73399062,51.14,275.83,8.99,2026-02-07
143,applovin.com,E-commerce,GB,82831056,50.14,274.41,9.12,2026-02-07
144,b-cdn.net,Tech,IN,94313297,41.6,453.93,18.19,2026-02-07
145,0xrpc.io,E-commerce,JP,67082139,42.44,556.75,21.86,2026-02-07
146,forms.gle,Finance,US,73708457,39.71,323.48,13.58,2026-02-07
147,registrar-servers.com,Search,DE,88259734,41.71,135.95,5.43,2026-02-07
148,miit.gov.cn,Finance,DE,80723088,59.83,387.42,10.79,2026-02-07
149,f5.com,E-commerce,DE,89337385,36.07,337.44,15.59,2026-02-07
150,tumblr.com,Social,US,90829151,48.46,319.84,11.0,2026-02-07
151,kaspersky.com,Finance,US,70398260,55.44,225.83,6.79,2026-02-07
152,msftconnecttest.com,Streaming,US,94602613,18.26,1681.76,153.5,2026-02-07
153,ggpht.com,Search,DE,91840643,39.34,169.03,7.16,2026-02-07
154,nytimes.com,Tech,IN,69980777,56.04,493.42,14.67,2026-02-07
155,cdn77.org,Streaming,GB,92802332,20.42,1802.11,147.09,2026-02-07
156,spo-msedge.net,Tech,GB,93374866,45.84,296.98,10.8,2026-02-07
157,reg.ru,Search,IN,79028813,39.73,107.0,4.49,2026-02-07
158,3gppnetwork.org,E-commerce,GB,84622593,57.84,579.93,16.71,2026-02-07
159,tiktokcdn-us.com,E-commerce,BR,77172646,47.74,286.34,10.0,2026-02-07
160,aliyuncs.com,News,JP,75032492,49.19,267.08,9.05,2026-02-07
161,chatgpt.com,Streaming,DE,86203546,15.22,652.52,71.45,2026-02-07
162,cncdn.com,Social,US,70937123,53.14,343.67,10.78,2026-02-07
163,aws.dev,Tech,DE,86802430,59.31,207.94,5.84,2026-02-07
164,macromedia.com,Tech,IN,82992471,45.37,474.84,17.44,2026-02-07
165,vkuserphoto.ru,Search,GB,85497322,45.7,74.37,2.71,2026-02-07
166,discord.com,Search,BR,88482082,43.24,157.88,6.09,2026-02-07
167,shopify.com,E-commerce,GB,84258715,39.93,599.09,25.01,2026-02-07
168,telekom.de,Finance,JP,66044715,34.11,208.39,10.18,2026-02-07
169,flickr.com,News,US,67228239,32.12,343.28,17.81,2026-02-07
170,cdn-apple.com,E-commerce,DE,72588751,54.95,222.7,6.75,2026-02-07
171,godaddy.com,News,IN,74572032,51.81,218.88,7.04,2026-02-07
172,adobe.io,Search,IN,66669659,43.65,101.09,3.86,2026-02-07
173,soundcloud.com,Social,GB,90088308,40.43,444.53,18.33,2026-02-07
174,userapi.com,News,IN,89665455,49.2,542.62,18.38,2026-02-07
175,azurefd.net,Finance,IN,74921806,35.16,204.82,9.71,2026-02-07
176,spov-msedge.net,Search,GB,87530469,42.65,116.49,4.55,2026-02-07
177,mailinabox.email,News,IN,77350930,42.72,392.62,15.32,2026-02-07
178,lencr.org,Search,DE,71501837,47.32,145.04,5.11,2026-02-07
179,adnxs.com,E-commerce,JP,79291404,58.9,434.47,12.29,2026-02-07
180,rubiconproject.com,Streaming,DE,71891587,27.52,2095.5,126.91,2026-02-07
181,medium.com,Social,DE,86479776,58.51,393.06,11.2,2026-02-07
182,cnn.com,Search,GB,79163513,45.95,174.46,6.33,2026-02-07
183,vungle.com,Streaming,IN,72973753,24.79,2358.36,158.56,2026-02-07
184,w3.org,Search,BR,63167428,37.16,74.3,3.33,2026-02-07
185,example.com,Tech,GB,83150654,58.08,463.09,13.29,2026-02-07
186,avast.com,Social,DE,65197279,36.2,536.86,24.72,2026-02-07
187,msedge.net,Streaming,GB,67416079,25.98,1422.93,91.28,2026-02-07
188,azurewebsites.net,Finance,IN,63649570,55.38,154.82,4.66,2026-02-07
189,shifen.com,Streaming,JP,62168935,29.62,2208.38,124.26,2026-02-07
190,nist.gov,Search,BR,75512992,49.22,116.92,3.96,2026-02-07
191,taboola.com,Tech,DE,84742809,32.32,384.72,19.84,2026-02-07
192,theguardian.com,Finance,IN,67303701,37.04,298.64,13.44,2026-02-07
193,mts.ru,Finance,JP,59320013,55.54,284.09,8.53,2026-02-07
194,ttdns2.com,Streaming,JP,68903889,26.19,1961.65,124.83,2026-02-07
195,miui.com,News,GB,61765051,52.56,565.25,17.92,2026-02-07
196,webex.com,E-commerce,GB,62540895,59.39,300.25,8.43,2026-02-07
197,playstation.net,Streaming,JP,73358531,25.63,1947.76,126.66,2026-02-07
198,nflxso.net,E-commerce,IN,79327672,48.98,203.04,6.91,2026-02-07
199,creativecommons.org,E-commerce,GB,73990984,52.26,194.92,6.22,2026-02-07
200,forbes.com,Search,JP,69907316,45.86,67.8,2.46,2026-02-07
201,nominetdns.uk,Finance,IN,74100273,56.45,503.95,14.88,2026-02-07
202,adtrafficquality.google,Finance,GB,77974384,47.13,429.02,15.17,2026-02-07
203,t.co,Tech,DE,75899825,47.27,122.28,4.31,2026-02-07
204,pubmatic.com,News,BR,56139777,37.16,399.02,17.9,2026-02-07
205,twitch.tv,Finance,DE,69516463,34.38,213.42,10.35,2026-02-07
206,azureedge.net,Finance,JP,57581820,39.63,393.82,16.56,2026-02-07
207,ozon.ru,E-commerce,GB,80956836,50.95,302.51,9.9,2026-02-07
208,wildberries.ru,Streaming,JP,63389593,17.29,711.04,68.54,2026-02-07
209,bbc.com,E-commerce,GB,74587866,58.82,558.36,15.82,2026-02-07
210,myfritz.net,E-commerce,JP,75124395,57.16,223.74,6.52,2026-02-07
211,bbc.co.uk,Search,GB,80579642,45.23,161.24,5.94,2026-02-07
212,uber.com,News,US,67216815,57.28,359.09,10.45,2026-02-07
213,sourceforge.net,Streaming,BR,59557938,25.08,2011.82,133.69,2026-02-07
214,sciencedirect.com,News,DE,78474920,37.87,416.35,18.32,2026-02-07
215,oracle.com,Social,BR,73940067,34.32,555.27,26.97,2026-02-07
216,mangosip.ru,Tech,IN,77171597,47.42,451.09,15.85,2026-02-07
217,researchgate.net,E-commerce,IN,68188112,36.89,205.55,9.29,2026-02-07
218,mit.edu,Search,GB,57724378,37.18,102.97,4.62,2026-02-07
219,ubuntu.com,Search,JP,56532946,47.1,89.85,3.18,2026-02-07
220,weather.com,Social,IN,72600962,57.92,384.08,11.05,2026-02-07
221,gmail.com,E-commerce,BR,54023616,49.19,210.17,7.12,2026-02-07
222,salesforce.com,E-commerce,DE,74136162,50.78,326.6,10.72,2026-02-07
223,canva.com,Search,GB,72008435,41.17,117.15,4.74,2026-02-07
224,cpanel.net,Finance,US,70512608,56.91,545.14,15.96,2026-02-07
225,cisco.com,Finance,IN,74964823,47.03,233.77,8.28,2026-02-07
226,doi.org,Tech,US,61601492,54.59,451.03,13.77,2026-02-07
227,adsrvr.org,Social,US,54812580,44.89,546.47,20.29,2026-02-07
228,ebay.com,News,JP,75626788,39.64,377.89,15.89,2026-02-07
229,comcast.net,Search,JP,53693304,35.6,145.68,6.82,2026-02-07
230,demdex.net,Streaming,BR,62360824,16.96,812.93,79.89,2026-02-07
231,wsdvs.com,E-commerce,US,78084065,45.47,505.73,18.54,2026-02-07
232,roku.com,Search,BR,74366832,40.21,176.08,7.3,2026-02-07
233,android.com,Finance,US,58893584,42.74,432.5,16.87,2026-02-07
234,akamaized.net,Search,BR,57026967,41.79,111.93,4.46,2026-02-07
235,alibabadns.com,Finance,BR,66748842,50.82,277.63,9.11,2026-02-07
236,youtube-nocookie.com,Finance,IN,75044454,40.72,498.09,20.39,2026-02-07
237,imdb.com,Tech,JP,66402837,43.33,435.52,16.75,2026-02-07
238,scorecardresearch.com,Tech,JP,63760566,46.36,227.74,8.19,2026-02-07
239,static.microsoft,Streaming,GB,71432193,21.14,1107.72,87.33,2026-02-07
240,jomodns.com,Finance,BR,76371842,44.87,318.4,11.83,2026-02-07
241,dual-s-msedge.net,Search,DE,70236426,41.43,117.06,4.71,2026-02-07
242,casalemedia.com,Search,US,52210921,36.46,117.26,5.36,2026-02-07
243,edgecdn.ru,Finance,DE,61235821,38.98,239.82,10.25,2026-02-07
244,meraki.com,Search,JP,51316911,45.74,75.57,2.75,2026-02-07
245,linktr.ee,News,DE,67590353,43.06,255.65,9.9,2026-02-07
246,wixsite.com,E-commerce,BR,54460729,39.16,454.76,19.35,2026-02-07
247,prudential.com,Finance,GB,61612014,58.92,452.94,12.81,2026-02-07
248,ksyuncdn.com,News,JP,56949652,33.39,364.97,18.22,2026-02-07
249,rocket-cdn.com,Finance,GB,72161677,57.07,504.01,14.72,2026-02-07
250,hubspot.com,Social,GB,62850267,55.12,129.64,3.92,2026-02-07
251,who.int,Social,US,65535744,51.45,253.27,8.2,2026-02-07
252,ttvnw.net,Finance,IN,50730322,55.85,349.69,10.44,2026-02-07
253,nr-data.net,Tech,BR,54739877,32.85,524.16,26.59,2026-02-07
254,booking.com,Finance,JP,62176821,48.45,236.29,8.13,2026-02-07
255,yandex.com,E-commerce,US,64515754,49.86,525.4,17.56,2026-02-07
256,cdngslb.com,Search,GB,71204862,43.65,147.11,5.62,2026-02-07
257,omtrdc.net,Streaming,BR,70480487,17.68,908.58,85.65,2026-02-07
258,samsungqbe.com,Finance,DE,71057151,59.72,531.34,14.83,2026-02-07
259,hp.com,Search,BR,73104756,47.66,94.67,3.31,2026-02-07
260,stripe.com,News,IN,51877374,48.1,508.72,17.63,2026-02-07
261,doubleverify.com,Finance,BR,62537703,58.81,284.52,8.06,2026-02-07
262,inmobi.com,Streaming,US,66738160,28.37,1624.12,95.41,2026-02-07
263,harvard.edu,Social,DE,70613131,44.62,333.84,12.47,2026-02-07
264,launchpad.net,Streaming,JP,68257088,28.65,2159.2,125.61,2026-02-07
265,dns-parking.com,E-commerce,US,58914380,52.07,480.94,15.39,2026-02-07
266,moe.video,Finance,BR,66279965,55.11,176.86,5.35,2026-02-07
267,mozilla.com,News,DE,56842393,34.79,298.68,14.31,2026-02-07
268,openai.com,E-commerce,US,68568956,44.33,560.53,21.07,2026-02-07
269,drom.ru,E-commerce,JP,68414402,30.3,386.06,21.24,2026-02-07
270,wikimedia.org,Search,BR,70186991,37.78,114.07,5.03,2026-02-07
271,hichina.com,Streaming,JP,55212456,25.74,2321.6,150.32,2026-02-07
272,tinyurl.com,Tech,BR,51678197,35.78,568.74,26.49,2026-02-07
273,shalltry.com,E-commerce,JP,57078111,39.47,467.06,19.72,2026-02-07
274,samsungcloud.com,Finance,BR,61579685,36.79,263.32,11.93,2026-02-07
275,appsflyer.com,Finance,US,59443928,45.17,237.3,8.76,2026-02-07
276,media-amazon.com,Search,BR,63281813,36.52,174.0,7.94,2026-02-07
277,fastly-edge.com,Finance,IN,57559716,32.43,160.48,8.25,2026-02-07
278,mtgglobals.com,Social,US,52775882,51.57,136.54,4.41,2026-02-07
279,ea.com,News,US,64717315,48.06,413.51,14.34,2026-02-07
280,openx.net,Streaming,US,66101231,16.19,1878.3,193.36,2026-02-07
281,ok.ru,Finance,BR,50681785,41.94,224.59,8.93,2026-02-07
282,mikrotik.com,Tech,GB,51323857,36.43,550.56,25.19,2026-02-07
283,mzstatic.com,E-commerce,IN,69087727,34.62,586.45,28.23,2026-02-07
284,grammarly.com,E-commerce,GB,67616177,42.36,214.99,8.46,2026-02-07
285,googleblog.com,Social,DE,48727553,48.19,374.71,12.96,2026-02-07
286,heytapmobile.com,Streaming,US,58393608,26.02,1740.04,111.46,2026-02-07
287,dnsmadeeasy.com,Search,DE,59687789,44.89,170.93,6.35,2026-02-07
288,amazon.co.uk,E-commerce,IN,54674561,45.79,468.82,17.06,2026-02-07
289,reuters.com,Streaming,IN,49286255,19.84,2290.88,192.45,2026-02-07
290,springer.com,Streaming,JP,66849064,21.47,624.49,48.48,2026-02-07
291,dropcatch.com,Social,US,53068912,47.88,494.15,17.2,2026-02-07
292,alibaba.com,E-commerce,US,52357194,44.07,226.54,8.57,2026-02-07
293,www.gov.uk,Tech,IN,61636536,39.2,150.57,6.4,2026-02-07
294,byteoversea.net,Streaming,BR,62200552,15.08,1283.34,141.84,2026-02-07
295,etsy.com,Finance,US,66324160,33.25,291.37,14.61,2026-02-07
296,ibm.com,Search,JP,47848012,49.92,72.55,2.42,2026-02-07
297,ampproject.org,Social,BR,61380008,32.14,441.99,22.92,2026-02-07
298,3lift.com,Streaming,GB,55781192,19.17,1722.59,149.76,2026-02-07
299,steampowered.com,E-commerce,GB,59135745,48.98,217.89,7.41,2026-02-07
300,launchdarkly.com,Social,JP,67163943,38.55,351.59,15.2,2026-02-07
301,media.net,News,JP,51953468,52.14,558.56,17.85,2026-02-07
302,jsdelivr.net,Tech,BR,57630198,39.93,233.04,9.73,2026-02-07
303,autodesk.com,Tech,JP,58374396,31.43,285.76,15.15,2026-02-07
304,php.net,Social,JP,67423407,52.8,334.21,10.55,2026-02-07
305,bilibili.com,News,GB,60243153,37.66,394.06,17.44,2026-02-07
306,forter.com,E-commerce,GB,66634877,32.53,309.39,15.85,2026-02-07
307,ivi.ru,Social,GB,46747324,45.53,406.14,14.87,2026-02-07
308,capcutapi.com,Social,JP,48052952,51.09,153.05,4.99,2026-02-07
309,tradingview.com,News,US,60555632,39.91,142.45,5.95,2026-02-07
310,weebly.com,E-commerce,US,61028267,47.86,230.68,8.03,2026-02-07
311,kaspersky-labs.com,Search,US,53267501,46.72,61.11,2.18,2026-02-07
312,ezvizlife.com,News,GB,51453972,35.69,594.11,27.74,2026-02-07
313,kwai-pro.com,E-commerce,US,61822564,56.64,542.03,15.95,2026-02-07
314,slack.com,Tech,GB,62294532,52.86,528.39,16.66,2026-02-07
315,nature.com,Tech,IN,55942493,52.92,263.3,8.29,2026-02-07
316,name-services.com,Streaming,DE,48055560,23.77,1548.98,108.61,2026-02-07
317,wiley.com,News,BR,53563377,56.29,125.03,3.7,2026-02-07
318,debian.org,Social,IN,59387882,42.35,258.61,10.18,2026-02-07
319,issuu.com,Finance,DE,54241153,44.16,284.41,10.73,2026-02-07
320,crashlytics.com,Search,DE,61281508,43.69,106.17,4.05,2026-02-07
321,cloudflareinsights.com,News,IN,66892688,59.59,510.4,14.28,2026-02-07
322,alidns.com,News,US,54386261,48.95,442.88,15.08,2026-02-07
323,opendns.com,Streaming,JP,48691617,29.24,1165.12,66.41,2026-02-07
324,douyincdn.com,Streaming,IN,53480492,27.81,2078.93,124.59,2026-02-07
325,adriver.ru,Streaming,BR,64424981,19.56,2282.44,194.48,2026-02-07
326,smartadserver.com,E-commerce,DE,62685106,53.01,226.75,7.13,2026-02-07
327,whecloud.com,News,DE,66214806,38.72,545.5,23.48,2026-02-07
328,weibo.com,Finance,BR,49299881,45.89,474.38,17.23,2026-02-07
329,washingtonpost.com,Streaming,DE,50990869,22.38,1475.72,109.9,2026-02-07
330,vedsalb.com,Search,DE,60836729,49.39,70.25,2.37,2026-02-07
331,checkpoint.com,Search,JP,48105270,37.58,114.03,5.06,2026-02-07
332,clarity.ms,Finance,BR,55751014,56.57,323.49,9.53,2026-02-07
333,cdc.gov,Search,BR,57199981,40.56,75.5,3.1,2026-02-07
334,wyzecam.com,News,JP,49450659,30.67,585.95,31.84,2026-02-07
335,akamaihd.net,Streaming,US,54223967,18.02,1449.16,134.03,2026-02-07
336,tiktokv.us,Tech,BR,57327763,56.24,366.07,10.85,2026-02-07
337,wsj.com,Streaming,IN,58397144,20.9,1614.94,128.78,2026-02-07
338,myshopify.com,Social,BR,55656649,45.6,137.77,5.04,2026-02-07
339,inner-active.mobi,Search,JP,56173590,43.48,80.68,3.09,2026-02-07
340,mi.com,Social,GB,58099623,32.92,352.68,17.86,2026-02-07
341,naver.com,E-commerce,IN,64363276,36.31,525.75,24.13,2026-02-07
342,gnu.org,Search,DE,58121828,38.84,80.55,3.46,2026-02-07
343,bamgrid.com,Search,IN,47339109,45.98,171.23,6.21,2026-02-07
344,un.org,Streaming,JP,47054183,26.06,1053.38,67.37,2026-02-07
345,allawnos.com,Search,GB,49070889,37.58,116.54,5.17,2026-02-07
346,dailymail.co.uk,Tech,GB,46747987,36.38,568.82,26.06,2026-02-07
347,wbx2.com,Streaming,IN,43150388,29.87,1574.17,87.83,2026-02-07
348,cdnbuild.net,News,IN,47756975,52.7,283.86,8.98,2026-02-07
349,samsungcloudsolution.com,Tech,US,43720623,33.34,595.1,29.75,2026-02-07
350,ln-msedge.net,Search,JP,50060923,36.23,107.31,4.94,2026-02-07
351,live-video.net,Search,IN,44976197,40.4,145.89,6.02,2026-02-07
352,go.com,Search,JP,51664813,44.43,122.54,4.6,2026-02-07
353,sc-cdn.net,Tech,JP,53115376,45.03,532.3,19.7,2026-02-07
354,bloomberg.com,Search,GB,56581953,36.16,103.3,4.76,2026-02-07
355,xboxlive.com,Streaming,GB,49554473,24.88,2084.12,139.61,2026-02-07
356,vk.ru,Social,DE,62536236,47.19,126.4,4.46,2026-02-07
357,myhuaweicloud.com,E-commerce,US,58407221,42.98,228.43,8.86,2026-02-07
358,aliyun.com,News,DE,55664392,50.16,356.0,11.83,2026-02-07
359,telegraph.co.uk,Streaming,US,50829576,16.46,1943.65,196.81,2026-02-07
360,rzone.de,Finance,JP,49292122,38.07,469.05,20.53,2026-02-07
361,cloudns.net,News,GB,60813318,37.04,409.56,18.43,2026-02-07
362,stanford.edu,Tech,JP,59574988,43.9,497.79,18.9,2026-02-07
363,nvidia.com,News,JP,51117022,54.1,596.99,18.39,2026-02-07
364,dailymotion.com,Search,GB,47143337,47.05,112.66,3.99,2026-02-07
365,avsxappcaptiveportal.com,Streaming,BR,55507116,19.63,2188.08,185.78,2026-02-07
366,pages.dev,E-commerce,IN,52116110,50.06,355.98,11.85,2026-02-07
367,tp-link.com,Social,DE,49536942,36.94,512.4,23.12,2026-02-07
368,ibyteimg.com,Finance,DE,54537398,30.29,334.76,18.42,2026-02-07
369,vkuser.net,Finance,JP,60244204,44.82,457.34,17.01,2026-02-07
370,heytapdl.com,E-commerce,IN,47144492,39.66,387.65,16.29,2026-02-07
371,mynetname.net,News,IN,43573225,47.52,209.74,7.36,2026-02-07
372,dell.com,Search,US,56462209,45.1,146.6,5.42,2026-02-07
373,adsafeprotected.com,Tech,JP,58249292,42.56,462.72,18.12,2026-02-07
374,netflix.net,E-commerce,US,50946828,35.89,401.32,18.64,2026-02-07
375,scdn.co,E-commerce,US,51955851,56.69,485.15,14.26,2026-02-07
376,cookielaw.org,Search,DE,53038250,35.77,166.97,7.78,2026-02-07
377,facebook.net,Search,IN,58182442,36.03,106.2,4.91,2026-02-07
378,aiv-delivery.net,Social,US,46189405,54.39,456.44,13.99,2026-02-07
379,vivoglobal.com,Streaming,IN,42554417,29.98,1283.6,71.36,2026-02-07
380,easebar.com,Finance,IN,47804372,43.12,251.97,9.74,2026-02-07
381,afternic.com,Social,US,54676627,32.46,218.66,11.23,2026-02-07
382,espn.com,Social,GB,53034508,31.13,498.18,26.67,2026-02-07
383,temu.com,Tech,IN,44148925,40.24,156.83,6.5,2026-02-07
384,sc-gw.com,Tech,IN,46470080,31.59,483.44,25.51,2026-02-07
385,merkle.io,Social,BR,43809331,43.68,395.73,15.1,2026-02-07
386,plesk.com,Streaming,IN,45046279,17.94,1295.35,120.34,2026-02-07
387,kwaipros.com,News,GB,51117711,39.98,455.46,18.99,2026-02-07
388,aliexpress.com,Social,BR,59644947,36.78,498.27,22.58,2026-02-07
389,netangels.ru,Finance,JP,42110462,51.17,311.53,10.15,2026-02-07
390,ngenix.net,E-commerce,GB,54398533,35.29,358.47,16.93,2026-02-07
391,unsplash.com,News,DE,46912647,34.71,517.34,24.84,2026-02-07
392,telegram.org,E-commerce,US,54366224,38.07,418.08,18.3,2026-02-07
393,discord.media,Search,BR,42661932,47.17,132.94,4.7,2026-02-07
394,nasa.gov,Tech,GB,51781920,34.26,207.86,10.11,2026-02-07
395,tiktokcdn-eu.com,Search,US,54059647,37.43,138.39,6.16,2026-02-07
396,globo.com,Streaming,IN,56233776,22.72,1873.51,137.43,2026-02-07
397,indeed.com,Search,JP,59345588,45.05,87.32,3.23,2026-02-07
398,amazonalexa.com,Tech,IN,50144189,54.63,518.65,15.82,2026-02-07
399,duckduckgo.com,Tech,GB,55534712,37.71,487.38,21.54,2026-02-07
400,businessinsider.com,News,DE,42068488,35.7,154.53,7.21,2026-02-07
401,google.com.br,E-commerce,JP,46558385,32.84,214.28,10.87,2026-02-07
402,nstld.com,Finance,BR,42803459,56.96,261.82,7.66,2026-02-07
403,expireddomains.com,Social,GB,49770927,39.28,476.74,20.23,2026-02-07
404,wp.com,Search,DE,44077688,47.66,124.08,4.34,2026-02-07
405,independent.co.uk,Tech,IN,52260300,50.69,323.68,10.64,2026-02-07
406,cornell.edu,News,JP,43483403,43.24,453.64,17.49,2026-02-07
407,ipv4only.arpa,Tech,DE,43806204,37.73,390.78,17.26,2026-02-07
408,sfx.ms,Search,GB,41500075,35.83,60.76,2.83,2026-02-07
409,huawei.com,News,IN,39626333,31.5,423.96,22.43,2026-02-07
410,aliyuncsslbintl.com,News,IN,57496418,49.16,370.52,12.56,2026-02-07
411,trustpilot.com,Search,DE,44143017,42.99,65.87,2.55,2026-02-07
412,amazon.de,Tech,DE,52090697,43.94,121.73,4.62,2026-02-07
413,avcdn.net,Finance,IN,56773960,34.02,574.99,28.17,2026-02-07
414,telegram.me,Social,BR,48227425,59.31,255.99,7.19,2026-02-07
415,tiktokv.eu,Tech,DE,43463823,52.99,144.23,4.54,2026-02-07
416,cookiedatabase.org,Finance,BR,42896910,37.73,493.75,21.81,2026-02-07
417,msidentity.com,Social,IN,48153387,39.09,532.02,22.68,2026-02-07
418,adobe.net,Search,US,44624433,41.49,133.19,5.35,2026-02-07
419,pangle.io,News,JP,43135340,38.27,172.85,7.53,2026-02-07
420,taobao.com,E-commerce,BR,52278813,30.36,371.35,20.39,2026-02-07
421,163.com,Search,JP,53007724,36.99,71.89,3.24,2026-02-07
422,steamcommunity.com,E-commerce,IN,44516457,44.1,241.28,9.12,2026-02-07
423,statista.com,Tech,GB,51141860,33.94,510.54,25.07,2026-02-07
424,xcal.tv,Streaming,JP,55923105,24.27,1574.96,108.16,2026-02-07
425,calendly.com,News,US,52524481,32.66,330.78,16.88,2026-02-07
426,imcmdb.net,Tech,IN,48354617,54.36,588.07,18.03,2026-02-07
427,quora.com,Streaming,US,54493595,16.3,1748.4,178.77,2026-02-07
428,firetvcaptiveportal.com,Streaming,IN,39596096,25.38,2319.56,152.32,2026-02-07
429,aol.com,Search,DE,47299063,44.1,126.77,4.79,2026-02-07
430,pixabay.com,News,JP,47513964,58.4,249.71,7.13,2026-02-07
431,hostgator.com,E-commerce,BR,44273973,54.87,326.25,9.91,2026-02-07
432,aiv-cdn.net,Social,GB,40514324,43.41,313.75,12.05,2026-02-07
433,teamviewer.com,Finance,GB,40959310,54.98,525.32,15.92,2026-02-07
434,duolingo.com,Tech,JP,45336916,40.01,257.15,10.71,2026-02-07
435,ipify.org,Streaming,DE,55485378,23.64,745.01,52.52,2026-02-07
436,cnbc.com,News,DE,50376416,52.39,438.66,13.95,2026-02-07
437,gamepass.com,News,BR,41035915,37.75,501.19,22.13,2026-02-07
438,wswebcdn.com,Tech,US,41139302,34.0,198.09,9.71,2026-02-07
439,telecid.ru,Tech,DE,47745116,42.69,410.18,16.01,2026-02-07
440,list-manage.com,Streaming,US,40752485,15.01,2309.68,256.46,2026-02-07
441,ietf.org,Social,DE,49721424,37.93,287.03,12.61,2026-02-07
442,crpt.ru,Finance,IN,54889318,37.61,244.08,10.82,2026-02-07
443,zendesk.com,Streaming,BR,42989828,29.98,1543.91,85.83,2026-02-07
444,walmart.com,Finance,DE,48913472,46.9,551.7,19.61,2026-02-07
445,goodreads.com,Streaming,US,50783833,17.97,1699.14,157.59,2026-02-07
446,nflxvideo.net,Search,JP,48236118,49.55,123.37,4.15,2026-02-07
447,addtoany.com,Social,JP,55913214,46.52,577.11,20.68,2026-02-07
448,online-metrix.net,Finance,JP,56529367,37.05,312.83,14.07,2026-02-07
449,oxylabs.io,News,US,38642979,31.71,227.87,11.98,2026-02-07
450,branch.io,Search,JP,53171046,49.66,104.65,3.51,2026-02-07
451,beian.gov.cn,News,GB,51304770,56.57,143.28,4.22,2026-02-07
452,foxnews.com,Streaming,JP,54228221,19.49,1000.25,85.54,2026-02-07
453,rbxcdn.com,Streaming,US,46764433,28.43,1047.38,61.4,2026-02-07
454,sberbank.ru,Streaming,IN,55646159,15.48,759.25,81.75,2026-02-07
455,cdnvideo.ru,Tech,BR,40292525,56.76,299.04,8.78,2026-02-07
456,line.me,News,BR,42082703,42.15,174.7,6.91,2026-02-07
457,gosuslugi.ru,Streaming,DE,43333532,24.8,1348.96,90.66,2026-02-07
458,giphy.com,Streaming,BR,51185238,27.03,735.43,45.35,2026-02-07
459,staples.com,Search,JP,54242172,39.39,159.72,6.76,2026-02-07
460,slideshare.net,Social,US,45909645,33.82,351.97,17.35,2026-02-07
461,gitlab.com,Finance,BR,42083000,57.21,236.01,6.88,2026-02-07
462,imgsmail.ru,Search,DE,44373963,39.35,112.16,4.75,2026-02-07
463,mediatek.com,Finance,BR,53658377,58.39,245.63,7.01,2026-02-07
464,byteglb.com,Tech,DE,47734953,43.73,464.17,17.69,2026-02-07
465,yahoo.co.jp,Finance,BR,42838281,54.92,315.25,9.57,2026-02-07
466,npr.org,Social,DE,46547095,50.1,173.09,5.76,2026-02-07
467,nflximg.com,Streaming,GB,51457768,26.32,959.62,60.77,2026-02-07
468,g.page,Social,US,40465695,48.53,565.78,19.43,2026-02-07
469,speedtest.net,E-commerce,US,43998804,45.09,469.36,17.35,2026-02-07
470,notamedia.ru,News,BR,51019143,54.3,337.36,10.35,2026-02-07
471,kwai.net,Finance,GB,41544782,34.05,233.27,11.42,2026-02-07
472,cdn20.com,Social,US,51775650,53.71,415.46,12.89,2026-02-07
473,worldnic.com,Finance,US,46831852,34.52,324.19,15.65,2026-02-07
474,eventbrite.com,News,US,46786700,49.59,374.83,12.6,2026-02-07
475,supercell.com,Tech,IN,46180997,40.68,153.23,6.28,2026-02-07
476,elasticbeanstalk.com,Streaming,JP,47418624,26.81,1040.07,64.66,2026-02-07
477,a-msedge.net,News,JP,43511648,39.8,557.28,23.34,2026-02-07
478,amplitude.com,Tech,JP,37332244,35.23,160.45,7.59,2026-02-07
479,mcafee.com,Streaming,US,53231197,29.99,1790.18,99.49,2026-02-07
480,google.de,E-commerce,US,39111524,57.73,144.64,4.18,2026-02-07
481,namebrightdns.com,E-commerce,US,42510241,52.56,422.34,13.39,2026-02-07
482,tbcache.com,E-commerce,JP,51565816,46.08,395.3,14.3,2026-02-07
483,hcaptcha.com,E-commerce,GB,42954579,52.45,381.66,12.13,2026-02-07
484,wired.com,E-commerce,DE,40527871,37.51,134.31,5.97,2026-02-07
485,amzn.to,Finance,DE,48749939,58.02,583.11,16.75,2026-02-07
486,mysql.com,Tech,JP,40822297,41.58,367.52,14.73,2026-02-07
487,alicdn.com,Finance,DE,42072025,45.48,124.58,4.57,2026-02-07
488,name.com,Finance,US,48004945,39.32,128.6,5.45,2026-02-07
489,nease.net,Streaming,DE,53152372,17.74,1895.9,178.12,2026-02-07
490,okta.com,Finance,GB,43919990,55.0,227.86,6.9,2026-02-07
491,myqcloud.com,News,IN,36996688,59.93,258.92,7.2,2026-02-07
492,icloud-content.com,Social,BR,45364205,38.14,552.92,24.16,2026-02-07
493,2mdn.net,Finance,GB,45743065,55.68,128.17,3.84,2026-02-07
494,telekom.net,Social,BR,53270126,32.74,449.89,22.9,2026-02-07
495,scribd.com,Streaming,IN,53888344,25.81,1707.69,110.27,2026-02-07
496,shein.com,Tech,GB,47965101,54.74,226.47,6.9,2026-02-07
497,indiatimes.com,E-commerce,US,52662876,53.79,209.73,6.5,2026-02-07
498,my.com,Social,BR,46184792,41.26,218.67,8.83,2026-02-07
499,behance.net,Search,BR,38899221,40.43,89.16,3.68,2026-02-07
500,uol.com.br,Search,US,41558583,44.57,122.14,4.57,2026-02-07
501,360yield.com,Tech,GB,39817627,48.99,434.3,14.78,2026-02-07
502,akamaitech.net,Social,DE,53425213,59.88,156.01,4.34,2026-02-07
503,qlivecdn.com,Social,JP,46014831,42.11,565.48,22.38,2026-02-07
504,sophos.com,Social,US,49706196,47.98,128.6,4.47,2026-02-07
505,stackoverflow.com,News,US,45248707,55.41,317.08,9.54,2026-02-07
506,ys7.com,E-commerce,US,38541210,50.02,171.07,5.7,2026-02-07
507,firefox.com,Streaming,GB,45847360,20.34,1437.55,117.79,2026-02-07
508,netease.com,News,GB,52154427,50.81,180.29,5.91,2026-02-07
509,tm-azurefd.net,Finance,GB,46409626,48.9,275.26,9.38,2026-02-07
510,safebrowsing.apple,Streaming,JP,45397755,17.21,2238.72,216.8,2026-02-07
511,svc.ms,Social,JP,36581489,41.78,163.81,6.53,2026-02-07
512,run.app,Streaming,JP,40151736,29.56,1414.72,79.77,2026-02-07
513,sohu.com,E-commerce,DE,48567314,33.43,403.29,20.11,2026-02-07
514,bsky.app,Social,US,37635502,53.19,326.57,10.23,2026-02-07
515,time.com,Streaming,US,41639856,20.82,1230.06,98.47,2026-02-07
516,gandi-ns.fr,E-commerce,US,47825885,31.82,427.08,22.37,2026-02-07
517,visualstudio.com,Streaming,JP,48370221,24.83,953.44,64.0,2026-02-07
518,t-online.de,Finance,DE,40285984,50.44,595.94,19.69,2026-02-07
519,paloaltonetworks.com,Search,IN,44038438,41.9,76.76,3.05,2026-02-07
520,consultant.ru,Tech,JP,46137487,59.17,421.02,11.86,2026-02-07
521,amazon.co.jp,E-commerce,US,49862798,38.63,398.1,17.18,2026-02-07
522,tencent-cloud.net,Tech,DE,38495005,33.92,419.63,20.62,2026-02-07
523,usatoday.com,Search,GB,42927433,39.37,96.08,4.07,2026-02-07
524,wb.ru,Streaming,GB,50712913,25.34,1592.07,104.71,2026-02-07
525,ft.com,E-commerce,DE,40283374,41.69,142.64,5.7,2026-02-07
526,blogger.com,Social,JP,50815345,44.48,207.2,7.76,2026-02-07
527,docker.com,E-commerce,IN,36265031,37.16,223.72,10.03,2026-02-07
528,deviantart.com,Search,GB,48050489,46.54,101.95,3.65,2026-02-07
529,xiaomi.net,News,BR,45272030,39.86,187.37,7.83,2026-02-07
530,xhamster.com,Tech,DE,41260340,52.73,487.37,15.4,2026-02-07
531,rutube.ru,News,DE,40298108,56.26,187.28,5.55,2026-02-07
532,ya.ru,Streaming,GB,43371074,15.06,1509.77,167.08,2026-02-07
533,gcdn.co,Tech,IN,40004928,42.1,386.76,15.31,2026-02-07
534,intel.com,Search,DE,45805493,48.15,108.18,3.74,2026-02-07
535,jquery.com,Search,DE,41021911,42.88,119.69,4.65,2026-02-07
536,rlcdn.com,E-commerce,US,37184780,34.65,391.78,18.84,2026-02-07
537,azure-dns.com,Search,JP,43742195,37.78,167.34,7.38,2026-02-07
538,dnspod.net,Finance,GB,45870555,49.58,235.75,7.92,2026-02-07
539,timeweb.ru,Finance,GB,39424968,55.21,530.08,16.0,2026-02-07
540,capcut.com,News,IN,41648527,48.51,417.8,14.35,2026-02-07
541,tplinkcloud.com,Social,GB,45129678,34.77,216.21,10.36,2026-02-07
542,eset.com,Tech,JP,45718418,52.83,240.77,7.6,2026-02-07
543,markmonitor.com,Search,US,46372981,47.18,69.73,2.46,2026-02-07
544,sharethrough.com,Streaming,GB,42923306,25.34,876.58,57.65,2026-02-07
545,fast.com,Tech,IN,46822812,53.58,540.81,16.82,2026-02-07
546,tripadvisor.com,Finance,DE,36778028,42.52,450.27,17.65,2026-02-07
547,dynatrace.com,E-commerce,JP,46820053,35.65,326.79,15.28,2026-02-07
548,2gis.com,News,IN,34308067,45.0,315.2,11.67,2026-02-07
549,rakuten.co.jp,Finance,BR,41965634,34.83,175.92,8.42,2026-02-07
550,google.com.hk,Streaming,US,38706708,16.6,2130.04,213.86,2026-02-07
551,hotjar.com,Finance,JP,49708914,32.95,205.85,10.41,2026-02-07
552,trendmicro.com,Tech,DE,45405686,41.13,433.57,17.57,2026-02-07
553,awswaf.com,News,DE,46892946,37.31,478.13,21.36,2026-02-07
554,awsglobalaccelerator.com,Finance,IN,37279540,45.18,545.21,20.11,2026-02-07
555,oup.com,Streaming,DE,47383606,24.99,2043.92,136.32,2026-02-07
556,t-mobile.com,Social,BR,36016243,53.31,377.0,11.79,2026-02-07
557,yahoodns.net,Streaming,BR,46722370,20.26,2281.43,187.68,2026-02-07
558,braze.com,E-commerce,DE,36898642,55.47,257.31,7.73,2026-02-07
559,bidswitch.net,Finance,US,48931718,55.39,192.0,5.78,2026-02-07
560,target.com,Social,GB,43087157,45.67,549.98,20.07,2026-02-07
561,onetrust.com,Streaming,DE,35338002,20.18,1840.56,152.01,2026-02-07
562,sina.com.cn,Tech,BR,43110348,55.73,220.6,6.6,2026-02-07
563,uk.com,Search,BR,46737022,44.03,116.17,4.4,2026-02-07
564,berkeley.edu,E-commerce,BR,49160540,57.57,481.45,13.94,2026-02-07
565,rt.ru,Streaming,BR,48994900,21.71,1528.19,117.32,2026-02-07
566,noaa.gov,Search,BR,45578666,39.29,160.83,6.82,2026-02-07
567,adobedtm.com,Finance,DE,43440728,44.18,450.74,17.0,2026-02-07
568,wix.com,Search,JP,41757170,39.72,162.1,6.8,2026-02-07
569,ovh.net,Finance,GB,39818947,54.63,553.53,16.89,2026-02-07
570,tandfonline.com,Social,JP,36388102,38.73,135.05,5.81,2026-02-07
571,playstation.com,E-commerce,BR,44126254,46.23,335.84,12.11,2026-02-07
572,googlezip.net,Tech,BR,44799572,48.37,303.34,10.45,2026-02-07
573,duckdns.org,Search,GB,47814085,45.77,104.7,3.81,2026-02-07
574,atlassian.com,News,GB,44588969,37.4,588.22,26.21,2026-02-07
575,tiktokrow-cdn.com,Search,BR,41537677,44.89,156.75,5.82,2026-02-07
576,ca.gov,Tech,GB,35915440,34.4,364.86,17.68,2026-02-07
577,britannica.com,News,GB,37848345,34.06,540.82,26.46,2026-02-07
578,loc.gov,Tech,US,46983784,48.91,425.72,14.51,2026-02-07
579,digitalocean.com,Tech,GB,39997609,41.23,434.75,17.57,2026-02-07
580,quickconnect.to,Social,GB,42637849,44.75,498.01,18.55,2026-02-07
581,shopee.com.br,E-commerce,US,39640037,38.46,417.19,18.08,2026-02-07
582,intercom.io,Finance,JP,44132091,48.17,274.66,9.5,2026-02-07
583,360safe.com,Search,IN,41606088,38.55,179.25,7.75,2026-02-07
584,eye4.cn,News,DE,41824753,46.78,470.92,16.78,2026-02-07
585,aboutads.info,Streaming,JP,42841133,25.36,992.51,65.23,2026-02-07
586,arxiv.org,E-commerce,DE,38238539,31.57,137.07,7.24,2026-02-07
587,licdn.com,Finance,IN,42558496,44.79,468.72,17.44,2026-02-07
588,optimizely.com,E-commerce,DE,49094849,42.09,526.86,20.86,2026-02-07
589,id5-sync.com,Social,JP,46982705,51.82,478.55,15.39,2026-02-07
590,spaceweb.pro,Finance,US,35963503,50.91,497.51,16.29,2026-02-07
591,comcast.com,Social,BR,42053355,38.87,358.33,15.36,2026-02-07
592,yelp.com,Tech,US,39708913,31.89,596.66,31.18,2026-02-07
593,substack.com,Finance,US,33056293,55.06,182.12,5.51,2026-02-07
594,free.fr,Tech,JP,34369689,38.54,179.21,7.75,2026-02-07
595,samsungapps.com,E-commerce,BR,44071325,38.16,204.85,8.95,2026-02-07
596,venmo.com,Search,US,45416755,45.51,78.23,2.86,2026-02-07
597,squarespace.com,Tech,BR,41194730,37.92,310.56,13.65,2026-02-07
598,ikea.com,Streaming,DE,44014502,21.27,2369.95,185.7,2026-02-07
599,nic.network,Search,US,43168110,36.95,77.89,3.51,2026-02-07
600,accuweather.com,Social,US,33379641,43.66,173.43,6.62,2026-02-07
601,dreamhost.com,Search,US,48898640,49.78,146.14,4.89,2026-02-07
602,ieee.org,Streaming,GB,36446313,22.24,2385.53,178.77,2026-02-07
603,googletagservices.com,Streaming,GB,36984497,28.0,909.06,54.11,2026-02-07
604,cnet.com,Tech,DE,46022558,33.89,203.52,10.01,2026-02-07
605,surveymonkey.com,E-commerce,DE,48727561,36.56,314.07,14.32,2026-02-07
606,verisign.com,E-commerce,IN,34531749,30.63,219.5,11.94,2026-02-07
607,mega.co.nz,Tech,DE,40854107,40.19,476.59,19.76,2026-02-07
608,ip-api.com,Search,BR,38255789,37.08,110.18,4.95,2026-02-07
609,hath.network,News,US,36258867,42.19,307.6,12.15,2026-02-07
610,fandom.com,Tech,BR,48125933,51.6,212.06,6.85,2026-02-07
611,grammarly.io,Search,US,36802708,35.99,124.65,5.77,2026-02-07
612,typekit.net,Social,IN,34544524,35.81,201.47,9.38,2026-02-07
613,twimg.com,Social,US,38725370,53.95,135.5,4.19,2026-02-07
614,jotform.com,Streaming,BR,32461418,21.29,696.68,54.54,2026-02-07
615,brave.com,Social,DE,40874855,36.73,487.77,22.13,2026-02-07
616,fontawesome.com,E-commerce,BR,39945011,51.51,305.99,9.9,2026-02-07
617,live.net,Search,BR,37937905,37.49,164.94,7.33,2026-02-07
618,stackadapt.com,Streaming,BR,37821976,27.09,914.23,56.25,2026-02-07
619,force.com,E-commerce,US,39218411,42.02,185.49,7.36,2026-02-07
620,lijit.com,Social,JP,41411251,31.78,186.71,9.79,2026-02-07
621,atlassian.net,Tech,US,39022522,54.01,174.39,5.38,2026-02-07
622,russianpost.ru,Social,BR,40886419,58.41,599.15,17.1,2026-02-07
623,imgur.com,Tech,BR,33020881,35.37,538.79,25.39,2026-02-07
624,typeform.com,Search,GB,35248042,36.28,82.48,3.79,2026-02-07
625,hicloud.com,E-commerce,US,40263533,48.12,475.54,16.47,2026-02-07
626,avito.ru,E-commerce,IN,43283707,36.89,259.3,11.72,2026-02-07
627,nike.com,E-commerce,BR,35924195,45.88,525.94,19.11,2026-02-07
628,conviva.com,News,IN,36928006,39.56,180.18,7.59,2026-02-07
629,cbsnews.com,Finance,DE,34754867,46.72,130.45,4.65,2026-02-07
630,newrelic.com,News,US,45808737,31.47,137.12,7.26,2026-02-07
631,bx-msedge.net,Search,JP,40865606,36.87,86.42,3.91,2026-02-07
632,yieldmo.com,News,GB,41405297,33.5,324.79,16.16,2026-02-07
633,smaato.net,Tech,IN,45265333,40.15,450.24,18.69,2026-02-07
634,arubanetworks.com,Search,JP,38961936,47.44,144.61,5.08,2026-02-07
635,b-msedge.net,Tech,US,40931826,54.17,526.63,16.2,2026-02-07
636,g.co,E-commerce,IN,43911751,51.92,506.03,16.24,2026-02-07
637,deepl.com,Social,GB,31958755,53.53,473.23,14.73,2026-02-07
638,ipinfo.io,Finance,IN,37852927,36.44,563.79,25.79,2026-02-07
639,edgecastdns.net,E-commerce,DE,41501227,32.74,235.22,11.97,2026-02-07
640,shutterstock.com,Search,US,35985098,43.96,107.52,4.08,2026-02-07
641,viber.com,Streaming,US,46339804,25.08,1659.92,110.31,2026-02-07
642,ted.com,E-commerce,JP,32717584,49.9,584.49,19.52,2026-02-07
643,amazon.fr,Finance,DE,36344393,58.19,334.37,9.58,2026-02-07
644,agkn.com,Streaming,DE,38613690,25.15,1022.98,67.79,2026-02-07
645,amazontrust.com,Social,JP,46148117,58.16,316.43,9.07,2026-02-07
646,redhat.com,News,DE,35907454,34.7,128.76,6.18,2026-02-07
647,elpais.com,News,IN,43160376,53.28,197.15,6.17,2026-02-07
648,wattpad.com,Streaming,JP,42884515,15.26,1811.98,197.9,2026-02-07
649,vidaahub.com,Search,GB,38270455,39.3,174.7,7.41,2026-02-07
650,marriott.com,Tech,BR,44020636,33.87,513.18,25.25,2026-02-07
651,githubusercontent.com,E-commerce,JP,34027270,58.27,165.07,4.72,2026-02-07
652,he.net,Search,GB,44524321,40.03,170.02,7.08,2026-02-07
653,pendo.io,Search,GB,43960900,49.95,170.79,5.7,2026-02-07
654,nintendo.com,News,GB,46121181,52.63,479.21,15.18,2026-02-07
655,tapad.com,News,BR,39984134,36.77,462.59,20.97,2026-02-07
656,ups.com,Tech,US,32907203,56.97,548.7,16.05,2026-02-07
657,wbbasket.ru,Social,US,39405613,44.39,462.99,17.38,2026-02-07
658,bluehost.com,Tech,DE,40607761,40.94,191.03,7.78,2026-02-07
659,outbrain.com,Finance,GB,32285276,46.06,446.33,16.15,2026-02-07
660,1rx.io,Tech,BR,31757404,35.49,237.96,11.17,2026-02-07
661,dotomi.com,News,US,33319940,39.23,512.95,21.79,2026-02-07
662,amazon.ca,News,GB,44091999,59.73,135.65,3.79,2026-02-07
663,techcrunch.com,Streaming,US,36844437,21.59,848.87,65.53,2026-02-07
664,google.co.uk,Tech,DE,39383326,38.38,512.3,22.25,2026-02-07
665,pinimg.com,E-commerce,JP,45410300,43.84,380.18,14.45,2026-02-07
666,withgoogle.com,Social,BR,41735421,40.91,404.05,16.46,2026-02-07
667,volcfcdndvs.com,News,BR,42760809,46.72,586.79,20.93,2026-02-07
668,rackspace.net,News,DE,44773299,47.12,140.19,4.96,2026-02-07
669,service.gov.uk,News,US,37699759,41.99,149.72,5.94,2026-02-07
670,impervadns.net,E-commerce,IN,32210377,46.66,213.4,7.62,2026-02-07
671,crwdcntrl.net,News,JP,32355260,43.9,453.56,17.22,2026-02-07
672,geobasket.ru,Social,JP,31602816,43.09,195.54,7.56,2026-02-07
673,mdpi.com,Finance,DE,37171119,49.05,156.7,5.32,2026-02-07
674,klaviyo.com,Finance,JP,43469979,40.32,128.5,5.31,2026-02-07
675,cambridge.org,Search,IN,38028535,40.59,90.85,3.73,2026-02-07
676,omnitagjs.com,News,BR,32331685,37.15,492.87,22.11,2026-02-07
677,hihonorcloud.com,E-commerce,DE,45293877,32.89,173.88,8.81,2026-02-07
678,sentinelone.net,Search,JP,30752207,44.44,160.5,6.02,2026-02-07
679,quantserve.com,News,IN,36820412,51.96,361.35,11.59,2026-02-07
680,dns-shop.ru,Social,US,40555465,51.73,392.5,12.65,2026-02-07
681,bdydns.com,Tech,IN,39616943,47.87,166.2,5.79,2026-02-07
682,publicnode.com,News,DE,39346737,53.83,204.56,6.33,2026-02-07
683,pvp.net,News,JP,38827949,53.59,316.94,9.86,2026-02-07
684,wp.pl,Streaming,GB,41017365,29.42,755.59,42.8,2026-02-07
685,appcenter.ms,E-commerce,JP,40346234,32.8,405.57,20.61,2026-02-07
686,bidr.io,Streaming,US,39286448,16.43,1417.24,143.77,2026-02-07
687,tiktokpangle.us,E-commerce,US,43208356,36.88,521.73,23.58,2026-02-07
688,unesco.org,News,BR,32435741,49.27,142.18,4.81,2026-02-07
689,spiegel.de,Tech,IN,35227652,54.91,211.27,6.41,2026-02-07
690,rackspace.com,Social,DE,35376631,49.39,139.18,4.7,2026-02-07
691,lemonde.fr,Social,DE,34188896,56.34,174.51,5.16,2026-02-07
692,anydesk.com,Finance,GB,41546195,52.75,120.69,3.81,2026-02-07
693,ozone.ru,Finance,US,44799517,30.03,389.55,21.62,2026-02-07
694,fb.com,Tech,GB,39334936,34.38,212.33,10.29,2026-02-07
695,aniview.com,E-commerce,DE,40123084,48.77,537.36,18.36,2026-02-07
696,nel.goog,News,IN,38879571,59.18,186.43,5.25,2026-02-07
697,browser-intake-datadoghq.com,Tech,DE,35599685,32.95,132.63,6.71,2026-02-07
698,mailchimp.com,E-commerce,JP,37925547,41.68,236.57,9.46,2026-02-07
699,liadm.com,E-commerce,DE,30935095,47.55,488.95,17.14,2026-02-07
700,liftoff.io,E-commerce,US,37903848,55.95,313.27,9.33,2026-02-07
701,steamstatic.com,E-commerce,IN,35300330,48.05,532.34,18.46,2026-02-07
702,telephony.goog,News,GB,39230463,49.69,499.15,16.74,2026-02-07
703,asus.com,Streaming,BR,38811770,28.96,2062.04,118.67,2026-02-07
704,onelink.me,Finance,DE,39164160,32.54,567.64,29.07,2026-02-07
705,kontur.ru,Social,US,37699315,49.41,134.69,4.54,2026-02-07
706,riotgames.com,Search,US,31111355,46.04,162.76,5.89,2026-02-07
707,freepik.com,Streaming,JP,44064110,21.16,2191.44,172.61,2026-02-07
708,360.cn,Social,DE,35617362,56.02,408.86,12.16,2026-02-07
709,mediafire.com,Search,BR,34499322,37.76,152.29,6.72,2026-02-07
710,samsungacr.com,Tech,IN,37818619,55.93,262.51,7.82,2026-02-07
711,gumgum.com,E-commerce,GB,39323391,55.27,233.25,7.03,2026-02-07
712,xvideos.com,Search,IN,33591217,47.33,110.3,3.88,2026-02-07
713,ring.com,Finance,JP,36549913,31.01,168.43,9.05,2026-02-07
714,dns.cn,Search,GB,40079848,35.66,74.12,3.46,2026-02-07
715,sagepub.com,News,US,43830842,31.61,299.5,15.79,2026-02-07
716,oraclecloud.com,E-commerce,BR,32569221,45.62,461.3,16.85,2026-02-07
717,bugsnag.com,News,JP,41204123,55.76,261.88,7.83,2026-02-07
718,dbankcloud.ru,Finance,JP,32784004,46.2,223.98,8.08,2026-02-07
719,adobedc.net,Search,US,37398267,36.56,175.45,8.0,2026-02-07
720,xiaohongshu.com,Streaming,JP,38670973,18.3,929.91,84.69,2026-02-07
721,bytefcdn-ttpus.com,E-commerce,BR,30373559,50.13,484.0,16.09,2026-02-07
722,hostgator.com.br,News,GB,42639537,57.17,251.18,7.32,2026-02-07
723,afilias-nst.info,Tech,BR,31959253,32.88,302.98,15.36,2026-02-07
724,creativecdn.com,Tech,GB,34340662,49.47,156.01,5.26,2026-02-07
725,amazon.in,E-commerce,DE,37735985,47.86,267.16,9.3,2026-02-07
726,homedepot.com,Search,JP,40464856,37.36,117.39,5.24,2026-02-07
727,tencent.com,News,DE,36024071,52.82,395.01,12.46,2026-02-07
728,vkontakte.ru,Search,GB,40109600,38.7,167.8,7.23,2026-02-07
729,chinamobile.com,Tech,DE,43528960,51.7,598.31,19.29,2026-02-07
730,adform.net,Tech,IN,32539151,45.75,313.3,11.41,2026-02-07
731,bytedns1.com,News,GB,43531379,52.54,443.44,14.07,2026-02-07
732,bitrix24.ru,Finance,BR,31481917,56.17,267.59,7.94,2026-02-07
733,shopee.co.id,News,US,37702391,46.45,535.72,19.22,2026-02-07
734,allaboutcookies.org,Social,BR,38279943,43.67,578.83,22.09,2026-02-07
735,amazon.es,Social,BR,31368913,38.4,376.3,16.33,2026-02-07
736,mixpanel.com,Streaming,GB,42292789,17.82,1723.71,161.21,2026-02-07
737,erome.com,Streaming,GB,31547776,20.74,1454.82,116.91,2026-02-07
738,google.cn,E-commerce,BR,31139751,42.92,431.52,16.76,2026-02-07
739,33across.com,E-commerce,BR,32672376,35.8,432.04,20.11,2026-02-07
740,cursor.sh,News,GB,35065254,52.54,309.94,9.83,2026-02-07
741,no-ip.com,Tech,DE,35342847,43.98,269.31,10.21,2026-02-07
742,lenovo.com,Search,JP,35978458,45.3,115.27,4.24,2026-02-07
743,lgtvcommon.com,E-commerce,IN,37954141,47.13,469.72,16.61,2026-02-07
744,appspot.com,Finance,US,34699323,54.15,264.34,8.14,2026-02-07
745,ovscdns.com,News,GB,41660051,50.18,541.9,18.0,2026-02-07
746,zillow.com,E-commerce,US,32807037,56.39,463.52,13.7,2026-02-07
747,networkadvertising.org,Streaming,IN,31615207,19.51,2192.24,187.27,2026-02-07
748,dbankcloud.com,Social,JP,36053846,44.29,469.89,17.68,2026-02-07
749,box.com,Finance,US,38715117,59.65,483.57,13.51,2026-02-07
750,a-mo.net,E-commerce,JP,38269992,31.65,534.92,28.17,2026-02-07
751,amazon.it,News,JP,34985734,56.93,294.43,8.62,2026-02-07
752,singular.net,News,BR,37129719,53.98,130.9,4.04,2026-02-07
753,fiverr.com,Finance,GB,33429193,53.78,131.0,4.06,2026-02-07
754,cdn-vk.ru,Streaming,DE,41557675,18.92,1545.85,136.17,2026-02-07
755,enacdn.net,Social,IN,37549050,54.91,531.68,16.14,2026-02-07
756,zenecn.net,Finance,US,35393824,51.45,223.33,7.23,2026-02-07
757,me.com,Finance,US,30742304,47.18,211.69,7.48,2026-02-07
758,zoho.com,News,BR,32598971,54.44,553.08,16.93,2026-02-07
759,bytefcdn-ttpeu.com,Social,GB,39533409,52.23,256.77,8.19,2026-02-07
760,criteo.net,Tech,DE,32749738,54.82,532.33,16.18,2026-02-07
761,prnewswire.com,Tech,IN,36895927,35.93,203.75,9.45,2026-02-07
762,imrworldwide.com,Search,IN,33749229,39.01,161.97,6.92,2026-02-07
763,myspace.com,Search,BR,29920826,42.32,147.32,5.8,2026-02-07
764,stripchat.com,Finance,JP,40249272,44.24,555.88,20.94,2026-02-07
765,turn.com,Finance,BR,29998143,43.53,462.55,17.71,2026-02-07
766,people.com,Search,BR,39253249,38.68,179.3,7.73,2026-02-07
767,bandcamp.com,Finance,DE,41002405,43.94,217.86,8.26,2026-02-07
768,theverge.com,Tech,US,32428529,53.85,261.67,8.1,2026-02-07
769,miwifi.com,Streaming,GB,31042036,28.83,733.86,42.42,2026-02-07
770,clever.com,Streaming,IN,39868717,28.25,1048.18,61.84,2026-02-07
771,life360.com,Social,DE,38286496,54.92,366.46,11.12,2026-02-07
772,discordapp.com,Tech,JP,39345745,56.27,583.72,17.29,2026-02-07
773,nikkei.com,Streaming,BR,32982898,19.75,2334.61,197.01,2026-02-07
774,xerox.com,Streaming,BR,34417632,21.48,1298.38,100.74,2026-02-07
775,latimes.com,Search,GB,38732508,45.58,97.91,3.58,2026-02-07
776,disqus.com,Tech,BR,28861781,43.31,161.77,6.23,2026-02-07
777,ks-cdn.com,Search,BR,37869534,37.72,134.55,5.95,2026-02-07
778,xbox.com,E-commerce,US,38779325,43.23,556.5,21.46,2026-02-07
779,teads.tv,E-commerce,DE,33532795,46.18,448.16,16.17,2026-02-07
780,hbr.org,E-commerce,IN,42417784,44.05,359.06,13.59,2026-02-07
781,bunnyinfra.net,Tech,JP,29972800,40.46,177.99,7.33,2026-02-07
782,investopedia.com,Finance,DE,38549964,38.12,452.93,19.8,2026-02-07
783,rakuten.com,E-commerce,JP,39389262,44.52,409.96,15.35,2026-02-07
784,seznam.cz,Social,DE,29274057,49.54,128.37,4.32,2026-02-07
785,fda.gov,Streaming,IN,32809779,27.54,1345.04,81.4,2026-02-07
786,python.org,Social,IN,42581041,32.34,249.0,12.83,2026-02-07
787,ameblo.jp,Search,DE,40339641,47.24,109.39,3.86,2026-02-07
788,datadoghq.com,Search,GB,32062698,48.79,70.67,2.41,2026-02-07
789,cloudinary.com,E-commerce,US,34305597,48.36,160.35,5.53,2026-02-07
790,recaptcha.net,Social,JP,36418217,55.76,341.55,10.21,2026-02-07
791,maricopa.gov,News,JP,34836575,47.76,457.4,15.96,2026-02-07
792,primevideo.com,Streaming,GB,32124766,20.94,2394.38,190.57,2026-02-07
793,onlinepbx.ru,Tech,BR,35338278,40.04,505.41,21.04,2026-02-07
794,unpkg.com,Search,BR,40293286,41.27,71.5,2.89,2026-02-07
795,exp-tas.com,E-commerce,IN,39282033,45.66,465.57,16.99,2026-02-07
796,washington.edu,News,US,34363254,43.56,509.36,19.49,2026-02-07
797,welt.de,E-commerce,IN,35220413,59.57,439.48,12.3,2026-02-07
798,threads.com,E-commerce,GB,41316373,30.39,257.25,14.11,2026-02-07
799,yellowblue.io,Tech,JP,31197621,30.76,274.04,14.85,2026-02-07
800,bestbuy.com,Search,JP,30205730,44.82,157.87,5.87,2026-02-07
801,mayoclinic.org,Tech,BR,28827693,48.84,530.47,18.1,2026-02-07
802,vivo.com.cn,Finance,US,39013120,59.6,371.44,10.39,2026-02-07
803,pornhub.com,Streaming,IN,38256078,15.35,2172.01,235.83,2026-02-07
804,disneyplus.com,Tech,BR,32179077,49.34,501.56,16.94,2026-02-07
805,usps.com,Social,GB,31349770,57.45,243.19,7.06,2026-02-07
806,apnews.com,Social,DE,39455263,53.24,215.14,6.73,2026-02-07
807,usgovcloudapi.net,E-commerce,GB,34898707,41.96,409.82,16.28,2026-02-07
808,adjust.com,Social,US,39355625,55.65,194.93,5.84,2026-02-07
809,llamarpc.com,News,IN,29328371,35.56,542.23,25.41,2026-02-07
810,afilias-nst.org,Finance,GB,39582441,59.95,551.74,15.34,2026-02-07
811,gtld.biz,E-commerce,JP,32902092,51.78,219.25,7.06,2026-02-07
812,rbc.ru,Streaming,US,30935314,27.83,1251.0,74.92,2026-02-07
813,onetag-sys.com,Streaming,US,32069658,18.78,1464.18,129.94,2026-02-07
814,academia.edu,Social,BR,28071578,46.59,548.99,19.64,2026-02-07
815,synology.com,Tech,JP,35519321,58.69,538.11,15.28,2026-02-07
816,allegro.pl,News,DE,31697655,30.42,547.93,30.02,2026-02-07
817,lefigaro.fr,Search,US,40442100,43.16,179.71,6.94,2026-02-07
818,spotifycdn.com,Streaming,GB,31172275,26.21,1799.21,114.41,2026-02-07
819,everesttech.net,Finance,DE,40360520,34.89,131.52,6.28,2026-02-07
820,tenor.com,Search,DE,36169367,43.08,179.6,6.95,2026-02-07
821,ssl-images-amazon.com,E-commerce,IN,31185993,34.79,379.31,18.17,2026-02-07
822,trueconf.net,Social,US,29951062,36.17,450.06,20.74,2026-02-07
823,zoom.com,E-commerce,GB,41246900,59.61,149.62,4.18,2026-02-07
824,nbcnews.com,Streaming,IN,30401688,28.63,1674.08,97.45,2026-02-07
825,azure-devices.net,Tech,DE,29966541,50.51,125.55,4.14,2026-02-07
826,livejournal.com,Social,IN,38498169,57.74,374.13,10.8,2026-02-07
827,pccc.com,Tech,GB,37027303,54.99,124.91,3.79,2026-02-07
828,websitewelcome.com,Streaming,US,37218112,20.59,2020.64,163.56,2026-02-07
829,fwmrm.net,Social,IN,39915945,56.19,410.63,12.18,2026-02-07
830,themeforest.net,E-commerce,US,38936048,35.81,544.07,25.32,2026-02-07
831,flashtalking.com,E-commerce,JP,28092934,30.49,472.86,25.85,2026-02-07
832,moloco.com,Finance,JP,31530760,38.22,125.4,5.47,2026-02-07
833,webmd.com,Finance,US,37256765,53.3,282.56,8.84,2026-02-07
834,adblockplus.org,Search,BR,40527330,45.11,112.78,4.17,2026-02-07
835,mckinsey.com,Finance,US,30869724,32.14,403.53,20.93,2026-02-07
836,agoda.com,Search,DE,36239567,43.67,106.01,4.05,2026-02-07
837,shopifysvc.com,Streaming,GB,27732889,22.95,1617.04,117.43,2026-02-07
838,onlyfans.com,News,US,41354361,41.44,462.22,18.59,2026-02-07
839,classlink.com,News,JP,32945349,52.16,301.55,9.64,2026-02-07
840,go-mpulse.net,Social,US,31006828,46.15,199.67,7.21,2026-02-07
841,nic.io,Search,IN,36421802,38.23,119.77,5.22,2026-02-07
842,ci-servers.net,Search,DE,39841403,39.34,130.14,5.51,2026-02-07
843,salesforceliveagent.com,Tech,JP,39164478,39.41,306.6,12.97,2026-02-07
844,selectel.ru,E-commerce,DE,30889619,45.66,172.91,6.31,2026-02-07
845,pexels.com,E-commerce,DE,35356975,54.62,223.88,6.83,2026-02-07
846,ubnt.com,E-commerce,IN,32099467,51.72,249.33,8.03,2026-02-07
847,figma.com,Streaming,BR,30736048,28.62,1643.82,95.73,2026-02-07
848,qualtrics.com,Streaming,US,31267440,22.23,1795.64,134.63,2026-02-07
849,ui-dns.com,Search,GB,35611260,49.7,71.88,2.41,2026-02-07
850,playrix.com,Search,BR,35174109,40.58,69.72,2.86,2026-02-07
851,healthline.com,Social,GB,33629094,47.13,278.7,9.86,2026-02-07
852,bild.de,News,BR,39605846,32.14,373.15,19.35,2026-02-07
853,ci-servers.org,Finance,US,38091323,39.04,586.89,25.06,2026-02-07
854,rayjump.com,Social,IN,37916033,36.26,394.94,18.15,2026-02-07
855,iso.org,Social,DE,31947978,43.28,449.69,17.32,2026-02-07
856,nintendo.net,E-commerce,IN,33454980,53.06,573.68,18.02,2026-02-07
857,sedo.com,Social,IN,32999268,35.34,395.34,18.64,2026-02-07
858,linode.com,Streaming,BR,34121134,28.06,1940.29,115.25,2026-02-07
859,globalsign.com,Search,DE,38285236,41.08,139.5,5.66,2026-02-07
860,tplinknbu.com,Social,GB,32046141,30.36,189.9,10.42,2026-02-07
861,princeton.edu,Search,DE,39931684,40.44,76.22,3.14,2026-02-07
862,hindustantimes.com,Finance,US,34423973,56.82,417.28,12.24,2026-02-07
863,docker.io,Finance,US,35137977,52.67,406.11,12.85,2026-02-07
864,usda.gov,Tech,BR,39911610,55.54,547.5,16.43,2026-02-07
865,kunluncan.com,Tech,DE,29646872,42.7,362.01,14.13,2026-02-07
866,openstreetmap.org,Streaming,JP,40669417,28.59,2133.89,124.4,2026-02-07
867,amazon.com.br,Finance,BR,29228308,56.42,461.97,13.65,2026-02-07
868,bankofamerica.com,News,GB,32783080,56.58,409.57,12.06,2026-02-07
869,chess.com,Tech,DE,36718767,30.41,462.96,25.37,2026-02-07
870,wps.com,E-commerce,JP,31531125,59.21,422.36,11.89,2026-02-07
871,discogs.com,Finance,GB,35108875,42.59,480.76,18.81,2026-02-07
872,ebay.co.uk,Finance,BR,39819836,48.29,598.83,20.67,2026-02-07
873,nypost.com,Streaming,US,28213232,27.91,2307.27,137.78,2026-02-07
874,lowes.com,Search,GB,32961167,41.74,112.82,4.5,2026-02-07
875,eu-1-id5-sync.com,Search,JP,29659874,48.85,117.56,4.01,2026-02-07
876,nationalgeographic.com,Streaming,GB,30538147,21.86,768.74,58.61,2026-02-07
877,genius.com,Search,US,32349486,41.21,151.87,6.14,2026-02-07
878,vtwenty.com,Streaming,GB,37264275,28.2,1794.19,106.04,2026-02-07
879,kick.com,Finance,BR,31647961,52.9,507.98,16.0,2026-02-07
880,att.com,Search,JP,35380352,36.2,112.47,5.18,2026-02-07
881,samsungosp.com,News,DE,30483748,47.03,516.41,18.3,2026-02-07
882,opera-api.com,Finance,US,40087171,44.09,372.46,14.08,2026-02-07
883,onet.pl,Social,JP,39720364,59.42,283.23,7.94,2026-02-07
884,worldbank.org,News,BR,28002129,56.59,461.96,13.61,2026-02-07
885,unrulymedia.com,Tech,US,31751824,43.26,212.91,8.2,2026-02-07
886,megafon.ru,Finance,GB,30718897,57.31,585.08,17.02,2026-02-07
887,prodregistryv2.org,E-commerce,DE,32974493,46.9,496.84,17.66,2026-02-07
888,mailchi.mp,E-commerce,IN,31757531,39.65,582.48,24.48,2026-02-07
889,redd.it,News,DE,27429048,51.67,552.15,17.81,2026-02-07
890,sportradar.com,News,GB,33868906,56.96,339.21,9.93,2026-02-07
891,otto.de,E-commerce,BR,28199195,49.87,522.72,17.47,2026-02-07
892,jetbrains.com,Streaming,JP,36910277,15.25,1494.02,163.28,2026-02-07
893,biblegateway.com,Social,BR,31877877,39.72,381.66,16.01,2026-02-07
894,theatlantic.com,Tech,IN,28086596,49.73,346.49,11.61,2026-02-07
895,yandexcloud.net,Finance,JP,34927337,43.03,142.25,5.51,2026-02-07
896,hm.com,E-commerce,US,33656951,57.84,344.11,9.92,2026-02-07
897,deloitte.com,Search,JP,27033386,49.15,116.62,3.95,2026-02-07
898,chaturbate.com,E-commerce,US,39503781,51.12,216.03,7.04,2026-02-07
899,alipaydns.com,Streaming,DE,32632759,23.03,1861.47,134.71,2026-02-07
900,cloudsink.net,Tech,IN,27297357,39.05,134.72,5.75,2026-02-07
901,nextlgsdp.com,Social,GB,30655499,54.96,247.63,7.51,2026-02-07
902,warnerbros.com,Search,BR,27671631,40.27,177.28,7.34,2026-02-07
903,btloader.com,Social,US,37285376,55.78,510.49,15.25,2026-02-07
904,whitehouse.gov,Streaming,JP,31225521,29.46,1199.74,67.87,2026-02-07
905,rambler.ru,Finance,DE,29046091,52.69,318.85,10.09,2026-02-07
906,adgrx.com,Social,IN,30805757,56.86,500.74,14.68,2026-02-07
907,youku.com,Tech,BR,34786447,55.31,209.29,6.31,2026-02-07
908,smilewanted.com,Streaming,BR,29488008,28.05,971.08,57.7,2026-02-07
909,utorrent.com,E-commerce,IN,27876771,49.25,495.15,16.76,2026-02-07
910,arcgis.com,Finance,US,29364235,37.36,507.39,22.64,2026-02-07
911,www.gov.br,E-commerce,JP,28954432,55.48,567.84,17.06,2026-02-07
912,frontiersin.org,News,GB,35340439,46.27,329.5,11.87,2026-02-07
913,goskope.com,Social,US,39645756,58.67,568.17,16.14,2026-02-07
914,huffpost.com,E-commerce,US,31717556,38.14,183.6,8.02,2026-02-07
915,character.ai,Social,IN,39317291,33.99,470.16,23.05,2026-02-07
916,patreon.com,News,JP,32768286,54.84,154.18,4.69,2026-02-07
917,samsungcloudsolution.net,News,JP,36742117,40.7,207.94,8.52,2026-02-07
918,netgear.com,Social,US,38192208,55.25,341.24,10.29,2026-02-07
919,change.org,Search,IN,31452853,49.79,153.74,5.15,2026-02-07
920,smartthings.com,Tech,BR,39088294,55.05,216.33,6.55,2026-02-07
921,kleinanzeigen.de,Search,DE,29071297,38.62,85.92,3.71,2026-02-07
922,shopeemobile.com,Tech,BR,36174804,47.92,478.01,16.63,2026-02-07
923,seedtag.com,News,DE,26376434,36.72,322.54,14.64,2026-02-07
924,bytefcdn.com,Finance,GB,39315228,49.6,130.62,4.39,2026-02-07
925,gdemoideti.ru,Finance,JP,35030281,58.08,479.57,13.76,2026-02-07
926,immedia-semi.com,News,GB,29947101,33.8,480.23,23.68,2026-02-07
927,gkdionis.ru,Search,IN,27370917,47.28,83.47,2.94,2026-02-07
928,repubblica.it,News,JP,38898011,38.44,427.06,18.52,2026-02-07
929,leiniao.com,Tech,US,29595632,57.88,577.27,16.62,2026-02-07
930,kslawin.com,Tech,IN,32923864,53.92,449.29,13.89,2026-02-07
931,buzzfeed.com,Streaming,IN,26568990,22.57,765.91,56.56,2026-02-07
932,epa.gov,News,US,26880963,43.41,364.7,14.0,2026-02-07
933,mercadolivre.com.br,Social,BR,38168210,42.3,569.03,22.42,2026-02-07
934,cdnhwc1.com,News,BR,33551663,59.06,140.81,3.97,2026-02-07
935,ebay.de,Search,JP,30169712,42.19,109.88,4.34,2026-02-07
936,daum.net,E-commerce,IN,26252454,39.77,252.71,10.59,2026-02-07
937,herokuapp.com,Search,IN,26398121,44.3,81.55,3.07,2026-02-07
938,crazygames.com,Streaming,JP,34172517,27.43,868.21,52.75,2026-02-07
939,pbs.org,E-commerce,JP,30126609,40.18,169.18,7.02,2026-02-07
940,kueezrtb.com,Search,US,34313296,37.68,93.59,4.14,2026-02-07
941,epicgames.dev,E-commerce,BR,29795684,55.16,256.05,7.74,2026-02-07
942,fbsbx.com,Finance,DE,38762472,34.23,591.68,28.81,2026-02-07
943,squarespacedns.com,Social,DE,32932838,57.9,121.16,3.49,2026-02-07
944,jd.com,Tech,BR,33999511,54.94,304.45,9.24,2026-02-07
945,thenai.org,Streaming,DE,26336287,29.73,1320.46,74.03,2026-02-07
946,airbnb.com,News,US,32565149,49.58,300.05,10.09,2026-02-07
947,tiktokw.us,E-commerce,IN,36561345,57.65,532.94,15.41,2026-02-07
948,readthedocs.io,Search,JP,34640061,39.69,76.05,3.19,2026-02-07
949,vegalb.com,Tech,BR,36808386,48.33,360.88,12.44,2026-02-07
950,news.com.au,Tech,JP,34540870,52.44,229.82,7.3,2026-02-07
951,quizlet.com,Social,BR,38849667,46.64,151.75,5.42,2026-02-07
952,corriere.it,Tech,IN,36509701,49.01,346.87,11.8,2026-02-07
953,caiway.net,Streaming,JP,27380621,17.68,1676.3,158.02,2026-02-07
954,weforum.org,News,US,37963443,49.56,339.12,11.4,2026-02-07
955,nexusmods.com,Search,DE,37323295,48.12,125.29,4.34,2026-02-07
956,pikabu.ru,Search,US,35136022,48.78,90.07,3.08,2026-02-07
957,mercadolibre.com.ar,Streaming,JP,37512993,25.05,715.09,47.58,2026-02-07
958,amazon.com.au,Search,US,30271982,35.3,118.56,5.6,2026-02-07
959,coupang.com,Finance,IN,38274723,50.05,588.85,19.61,2026-02-07
960,dbankcloud.cn,Streaming,JP,32225351,26.8,1494.09,92.92,2026-02-07
961,onesignal.com,Streaming,US,34291167,19.72,728.71,61.59,2026-02-07
962,dfn.nl,Tech,DE,34101316,44.84,220.18,8.18,2026-02-07
963,microsoftpersonalcontent.com,E-commerce,BR,30316014,58.21,417.29,11.95,2026-02-07
964,ad-delivery.net,Search,DE,36516640,41.48,157.89,6.34,2026-02-07
965,richaudience.com,Tech,DE,30229678,42.69,506.25,19.76,2026-02-07
966,caixa.gov.br,E-commerce,IN,37135789,56.16,544.41,16.16,2026-02-07
967,kwai.com,E-commerce,IN,34175244,43.45,423.5,16.24,2026-02-07
968,xnxx.com,Social,GB,34276793,55.14,261.28,7.9,2026-02-07
969,poki.com,Social,JP,29673487,31.43,193.57,10.26,2026-02-07
970,costco.com,Tech,JP,33581453,52.3,315.93,10.07,2026-02-07
971,newsweek.com,Streaming,BR,36853351,27.49,2388.79,144.83,2026-02-07
972,webhostbox.net,E-commerce,BR,30096026,57.88,269.12,7.75,2026-02-07
973,umbrella.com,Streaming,JP,38083026,27.55,1556.61,94.17,2026-02-07
974,agora.io,News,DE,28061828,57.62,400.03,11.57,2026-02-07
975,magazineluiza.com.br,Finance,US,34801179,43.94,348.57,13.22,2026-02-07
976,binance.com,Social,BR,34335287,43.44,278.62,10.69,2026-02-07
977,kickstarter.com,Streaming,DE,28927919,15.93,1011.71,105.85,2026-02-07
978,umich.edu,News,JP,35728983,39.81,376.38,15.76,2026-02-07
979,split.io,Search,US,35616904,39.84,96.04,4.02,2026-02-07
980,lge.com,Streaming,JP,31190834,19.01,1646.62,144.36,2026-02-07
981,focus.de,Finance,IN,33920711,54.55,426.85,13.04,2026-02-07
982,iiko.it,Social,GB,29038093,38.66,233.4,10.06,2026-02-07
983,tsyndicate.com,E-commerce,DE,32608052,31.41,151.18,8.02,2026-02-07
984,fidelity.com,Finance,JP,35329350,57.79,138.56,4.0,2026-02-07
985,bidmachine.io,Tech,GB,36011908,58.63,206.56,5.87,2026-02-07
986,kwcdn.com,Search,BR,29562932,35.8,158.88,7.4,2026-02-07
987,1drv.com,Social,IN,34221263,51.81,134.72,4.33,2026-02-07
988,pixiv.net,E-commerce,IN,36218724,42.0,307.11,12.19,2026-02-07
989,heytapmobi.com,Tech,IN,28977318,58.36,429.9,12.28,2026-02-07
990,4dex.io,E-commerce,DE,33483776,41.83,491.53,19.58,2026-02-07
991,google.co.jp,News,GB,35162116,30.26,289.11,15.92,2026-02-07
992,yandex.com.tr,News,BR,29489725,49.05,547.3,18.6,2026-02-07
993,ovscdns.net,Social,GB,33277802,47.7,356.27,12.45,2026-02-07
994,sofascore.com,Search,DE,28184773,44.8,148.57,5.53,2026-02-07
995,garmin.com,Social,BR,36405581,41.99,266.02,10.56,2026-02-07
996,bol.com,News,IN,34294432,34.45,476.27,23.04,2026-02-07
997,columbia.edu,Streaming,US,31547966,27.69,1694.14,101.97,2026-02-07
998,service-now.com,Streaming,BR,31512411,26.0,1150.82,73.77,2026-02-07
999,samsungelectronics.com,Finance,BR,34425268,48.08,484.96,16.81,2026-02-07
1000,mihanwebhost.com,News,US,35063408,58.05,208.87,6.0,2026-02-07
1001,superhosting.bg,E-commerce,JP,31825487,50.59,223.79,7.37,2026-02-07
1002,yximgs.com,Search,JP,34211551,41.26,119.11,4.81,2026-02-07
1003,macys.com,Social,JP,27590693,33.44,463.31,23.09,2026-02-07
1004,skroutz.gr,Tech,DE,35870555,43.09,421.42,16.3,2026-02-07
1005,leparisien.fr,News,BR,28147907,36.23,194.48,8.95,2026-02-07
1006,ancestry.com,News,US,27627401,48.58,428.77,14.71,2026-02-07
1007,liftoff-creatives.io,E-commerce,BR,25415316,57.03,228.78,6.69,2026-02-07
1008,zdnscloud.com,Finance,JP,31739148,48.57,160.27,5.5,2026-02-07
1009,faphouse.com,Tech,JP,29181804,44.61,451.43,16.87,2026-02-07
1010,orderbox-dns.com,Social,GB,26109529,31.49,305.74,16.18,2026-02-07
1011,easy4ipcloud.com,Search,GB,35729396,36.43,160.44,7.34,2026-02-07
1012,zijieapi.com,Search,GB,33762878,45.68,137.43,5.01,2026-02-07
1013,state.gov,Search,GB,28030258,48.35,164.65,5.68,2026-02-07
1014,note.com,Tech,US,32360713,48.88,314.37,10.72,2026-02-07
1015,1c.ru,Social,GB,31279636,30.1,464.98,25.75,2026-02-07
1016,flipkart.com,News,GB,35488475,47.43,589.9,20.73,2026-02-07
1017,merriam-webster.com,Search,JP,29457928,44.29,105.81,3.98,2026-02-07
1018,youronlinechoices.com,E-commerce,BR,36508047,59.12,126.45,3.56,2026-02-07
1019,letterboxd.com,Streaming,IN,29730604,15.34,758.5,82.41,2026-02-07
1020,attn.tv,Finance,DE,26841377,49.13,247.49,8.4,2026-02-07
1021,cbc.ca,Finance,DE,33789532,52.63,144.84,4.59,2026-02-07
1022,ecosia.org,Finance,JP,35600199,50.58,466.3,15.37,2026-02-07
1023,infobae.com,Search,DE,25021384,49.97,151.84,5.06,2026-02-07
1024,webempresa.eu,Search,US,33288385,38.96,103.6,4.43,2026-02-07
1025,google.fr,Social,DE,32119482,39.43,235.02,9.93,2026-02-07
1026,amazon.com.mx,News,US,31430604,46.82,578.78,20.6,2026-02-07
1027,wpguardian.com,News,JP,36047121,48.54,568.01,19.5,2026-02-07
1028,tendawifi.com,Tech,GB,34447921,38.07,441.64,19.33,2026-02-07
1029,olx.com.br,Tech,GB,31180954,33.55,126.72,6.3,2026-02-07
1030,msftauth.net,Search,JP,31305560,44.08,159.51,6.03,2026-02-07
1031,wpguardian.io,Search,IN,27911463,40.77,67.74,2.77,2026-02-07
1032,fbpigeon.com,E-commerce,IN,32536601,54.56,535.31,16.35,2026-02-07
1033,app-analytics-services-att.com,Search,BR,30577638,35.38,107.43,5.06,2026-02-07
1034,cdnhwc2.com,Tech,JP,28310989,58.74,336.64,9.55,2026-02-07
1035,tubi.io,Streaming,GB,26029182,22.96,1896.78,137.69,2026-02-07
1036,abc.es,Streaming,US,30549698,22.34,1909.06,142.42,2026-02-07
1037,hepsiburada.com,E-commerce,IN,35885193,37.97,485.21,21.3,2026-02-07
1038,edna.ru,Social,GB,25873758,33.43,144.88,7.22,2026-02-07
1039,vk-analytics.ru,E-commerce,JP,32321646,54.41,478.03,14.64,2026-02-07
1040,it.com,Social,GB,31941787,30.47,593.37,32.46,2026-02-07
1041,ubi.com,Finance,US,28913303,41.95,341.27,13.56,2026-02-07
1042,dribbble.com,E-commerce,DE,35389465,50.11,583.69,19.41,2026-02-07
1043,marca.com,Search,DE,34067335,46.37,102.14,3.67,2026-02-07
1044,onedrive.com,Tech,US,35522884,55.53,584.55,17.54,2026-02-07
1045,i18n-pglstatp.com,Finance,BR,35960029,55.37,398.8,12.0,2026-02-07
1046,skyhigh.cloud,Finance,DE,28577807,59.63,324.52,9.07,2026-02-07
1047,ouest-france.fr,E-commerce,DE,26812674,34.06,429.6,21.02,2026-02-07
1048,huffingtonpost.com,Finance,GB,29078067,39.02,458.14,19.57,2026-02-07
1049,sapo.pt,Social,GB,34329065,57.52,185.54,5.38,2026-02-07
1050,as.com,Tech,US,29132114,57.52,489.03,14.17,2026-02-07
1051,bitdefender.net,Streaming,IN,29739602,29.8,613.13,34.29,2026-02-07
1052,incapdns.net,News,BR,30233253,53.95,137.66,4.25,2026-02-07
1053,ameba.jp,E-commerce,JP,28389657,59.26,165.66,4.66,2026-02-07
1054,bfmtv.com,News,US,33638233,57.65,444.82,12.86,2026-02-07
1055,yandex.kz,Search,BR,33372197,39.21,174.21,7.4,2026-02-07
1056,hilton.com,News,DE,24701670,56.22,282.77,8.38,2026-02-07
1057,alphonso.tv,Tech,US,26960582,44.3,138.85,5.22,2026-02-07
1058,terra.com.br,Social,US,33754829,46.38,540.23,19.41,2026-02-07
1059,theconversation.com,Finance,GB,33263529,38.14,592.41,25.89,2026-02-07
1060,xhcdn.com,Streaming,US,34540751,16.0,1078.26,112.32,2026-02-07
1061,trendyol.com,Tech,JP,29910260,51.67,182.15,5.88,2026-02-07
1062,statcounter.com,Streaming,JP,34533266,23.57,1344.48,95.07,2026-02-07
1063,kohls.com,Social,US,35910806,39.66,327.96,13.78,2026-02-07
1064,ilovepdf.com,Finance,US,28360007,46.25,264.24,9.52,2026-02-07
1065,meethue.com,Social,US,31791757,45.4,499.93,18.35,2026-02-07
1066,pandora.com,Finance,JP,28718367,35.32,215.56,10.17,2026-02-07
1067,tinkoff.ru,E-commerce,DE,25993813,51.07,343.36,11.21,2026-02-07
1068,cspserver.net,News,BR,26239571,47.01,405.37,14.37,2026-02-07
1069,xing.com,Social,US,30206194,50.85,579.21,18.98,2026-02-07
1070,rtbcdn.ru,Streaming,BR,29044248,18.72,2164.8,192.74,2026-02-07
1071,kaspi.kz,Finance,DE,27417692,49.13,596.02,20.22,2026-02-07
1072,cdek.ru,Search,JP,31008450,39.04,174.4,7.45,2026-02-07
1073,dnse0.com,Tech,US,26327711,56.2,552.12,16.37,2026-02-07
1074,savvis.net,Search,US,26436688,49.61,174.88,5.88,2026-02-07
1075,ttlivecdn.com,E-commerce,DE,29163733,49.93,396.37,13.23,2026-02-07
1076,odoo.com,Streaming,IN,30850878,15.12,1356.68,149.55,2026-02-07
1077,afafb.com,News,US,33533703,40.1,275.62,11.46,2026-02-07
1078,uchi.ru,Social,BR,27348561,58.59,495.27,14.09,2026-02-07
1079,businesswire.com,News,DE,33863748,52.32,173.13,5.52,2026-02-07
1080,gsmarena.com,Social,BR,28120286,34.67,382.91,18.41,2026-02-07
1081,moneycontrol.com,Streaming,IN,25990742,29.34,1895.55,107.68,2026-02-07
1082,rapid7.com,Tech,BR,33692621,43.96,439.82,16.68,2026-02-07
1083,inkuai.com,News,BR,33275719,33.49,449.56,22.37,2026-02-07
1084,uniqlo.com,Finance,IN,30845897,43.94,359.99,13.65,2026-02-07
1085,jimdo.com,Streaming,JP,24607939,29.15,1747.69,99.93,2026-02-07
1086,mythad.com,Search,GB,36389470,41.32,175.03,7.06,2026-02-07
1087,ox.ac.uk,Tech,JP,30918387,50.1,360.79,12.0,2026-02-07
1088,amagi.tv,E-commerce,BR,30410328,55.45,220.08,6.61,2026-02-07
1089,nexthink.cloud,Search,DE,28252482,46.75,118.51,4.22,2026-02-07
1090,notion.so,Social,BR,27390803,32.77,199.67,10.16,2026-02-07
1091,samsungcloud.tv,News,JP,31395321,49.59,248.46,8.35,2026-02-07
1092,lgtvsdp.com,E-commerce,GB,34323764,54.19,335.57,10.32,2026-02-07
1093,mercadolibre.com.mx,Tech,IN,32018888,45.95,329.27,11.94,2026-02-07
1094,segment.io,E-commerce,GB,36276234,44.45,189.59,7.11,2026-02-07
1095,n-tv.de,Finance,DE,30511644,37.03,518.59,23.34,2026-02-07
1096,abovedomains.com,Tech,JP,33255377,36.89,591.72,26.73,2026-02-07
1097,wise.com,News,JP,26814800,32.68,518.74,26.46,2026-02-07
1098,fortune.com,Finance,JP,24375113,43.06,369.07,14.29,2026-02-07
1099,leboncoin.fr,E-commerce,IN,34962202,51.31,339.71,11.03,2026-02-07
1100,google.ca,News,BR,26328996,57.95,310.01,8.92,2026-02-07
1101,xhscdn.com,Finance,GB,33635731,30.6,436.49,23.77,2026-02-07
1102,idnes.cz,Streaming,BR,30390224,25.95,2255.32,144.85,2026-02-07
1103,elmundo.es,Streaming,IN,35553235,22.29,1601.5,119.75,2026-02-07
1104,economist.com,News,DE,32529988,30.34,411.67,22.61,2026-02-07
1105,ctdns.cn,Tech,JP,28685293,31.65,517.79,27.27,2026-02-07
1106,coursera.org,Streaming,JP,28703311,28.18,692.56,40.96,2026-02-07
1107,firebaseio.com,News,JP,33584881,50.31,159.02,5.27,2026-02-07
1108,sahibinden.com,Social,GB,26006172,56.51,368.26,10.86,2026-02-07
1109,docomo.ne.jp,Search,GB,28703884,37.41,146.95,6.55,2026-02-07
1110,tnaflix.com,News,GB,25238551,54.22,130.04,4.0,2026-02-07
1111,franceinfo.fr,Social,IN,24228391,43.0,557.35,21.6,2026-02-07
1112,yale.edu,Finance,JP,25368849,36.81,544.1,24.64,2026-02-07
1113,mozgcp.net,E-commerce,US,26349206,50.26,490.26,16.26,2026-02-07
1114,vivo.com,Tech,US,35120573,30.33,407.16,22.37,2026-02-07
1115,ultimate-guitar.com,Finance,JP,33670944,43.16,288.47,11.14,2026-02-07
1116,google.es,Search,US,26705823,36.85,78.65,3.56,2026-02-07
1117,gismeteo.ru,Social,DE,31311782,35.36,521.92,24.6,2026-02-07
1118,biomedcentral.com,News,BR,30934468,52.34,252.03,8.03,2026-02-07
1119,eporner.com,Social,US,31992200,37.06,366.78,16.49,2026-02-07
1120,ddns.net,Search,JP,26227271,40.17,154.1,6.39,2026-02-07
1121,hik-connect.com,Tech,US,25658358,57.42,579.12,16.81,2026-02-07
1122,dyndns.org,News,JP,26799219,49.21,191.28,6.48,2026-02-07
1123,rustdesk.com,Finance,IN,24748341,58.09,129.63,3.72,2026-02-07
1124,jstor.org,Finance,GB,34427966,36.07,401.93,18.57,2026-02-07
1125,lanacion.com.ar,Search,GB,26126071,35.02,98.67,4.7,2026-02-07
1126,plos.org,Finance,GB,25133212,46.66,570.08,20.36,2026-02-07
1127,byteoversea.com,Search,IN,29436785,45.36,75.3,2.77,2026-02-07
1128,cookpad.com,Search,US,24793278,47.77,159.25,5.56,2026-02-07
1129,dafont.com,Finance,US,33374067,56.2,285.82,8.48,2026-02-07
1130,psychologytoday.com,Social,IN,34134704,45.73,205.82,7.5,2026-02-07
1131,apa.org,Tech,JP,26863215,33.64,545.18,27.01,2026-02-07
1132,tabelog.com,Social,GB,27181670,52.16,343.35,10.97,2026-02-07
1133,phncdn.com,E-commerce,GB,27348230,48.29,154.0,5.32,2026-02-07
1134,nsone.net,Tech,JP,27579537,55.63,367.25,11.0,2026-02-07
1135,herokudns.com,Finance,BR,29724288,31.88,127.39,6.66,2026-02-07
1136,gofundme.com,Social,BR,34284415,39.36,177.35,7.51,2026-02-07
1137,aftonbladet.se,Tech,JP,33182353,35.35,217.3,10.25,2026-02-07
1138,zhihu.com,Tech,US,28330622,58.22,527.45,15.1,2026-02-07
1139,archiveofourown.org,E-commerce,US,34610696,56.13,201.21,5.97,2026-02-07
1140,t-bank-app.ru,Social,JP,34255865,52.86,191.74,6.05,2026-02-07
1141,hwcdn.ru,News,JP,31792188,30.06,444.72,24.66,2026-02-07
1142,hltv.org,Search,GB,34932208,38.57,114.32,4.94,2026-02-07
1143,espncricinfo.com,Finance,GB,28468124,37.07,346.9,15.6,2026-02-07
1144,plex.tv,Tech,GB,35333489,35.68,388.97,18.17,2026-02-07
1145,indilogic.com,News,GB,25944191,52.65,365.41,11.57,2026-02-07
1146,aparat.com,Streaming,DE,29413102,19.98,879.45,73.36,2026-02-07
1147,ad.nl,Tech,BR,29858632,50.37,488.3,16.16,2026-02-07
1148,flashscore.com,Finance,GB,28640454,57.07,184.31,5.38,2026-02-07
1149,parklogic.com,E-commerce,DE,34998689,52.39,158.93,5.06,2026-02-07
1150,bet365.com,Tech,US,33017220,52.06,304.62,9.75,2026-02-07
1151,olx.pl,Streaming,BR,27110380,15.46,1164.52,125.54,2026-02-07
1152,amazon.com.tr,Tech,GB,29570097,30.06,491.32,27.24,2026-02-07
1153,nhentai.net,Streaming,US,23724616,21.25,787.62,61.77,2026-02-07
1154,instructure.com,News,JP,25875274,35.82,195.37,9.09,2026-02-07
1155,meitu.com,Search,JP,32657825,43.38,155.59,5.98,2026-02-07
1156,trello.com,Tech,US,28465448,35.29,270.6,12.78,2026-02-07
1157,wordwall.net,Social,US,31112707,43.32,212.59,8.18,2026-02-07
1158,deezer.com,Tech,BR,30513594,58.16,492.1,14.1,2026-02-07
1159,pusher.com,News,JP,30828731,31.72,226.33,11.89,2026-02-07
1160,att.net,Tech,US,27721011,36.39,301.34,13.8,2026-02-07
1161,nu.nl,Social,US,25094799,51.24,155.01,5.04,2026-02-07
1162,mmechocaptiveportal.com,Finance,JP,31172287,34.38,205.13,9.94,2026-02-07
1163,jw.org,Tech,US,34939803,43.28,379.89,14.63,2026-02-07
1164,w3schools.com,Streaming,BR,30122717,20.67,2155.4,173.79,2026-02-07
1165,lequipe.fr,Finance,JP,23652739,55.01,546.72,16.56,2026-02-07
1166,vnexpress.net,Streaming,GB,31825005,19.68,1195.01,101.2,2026-02-07
1167,vg.no,Finance,GB,25663359,40.43,222.1,9.16,2026-02-07
1168,elconfidencial.com,Finance,US,33068481,50.15,233.34,7.75,2026-02-07
1169,rule34.xxx,Social,DE,34296425,50.33,258.73,8.57,2026-02-07
1170,furaffinity.net,E-commerce,GB,23408609,37.82,282.08,12.43,2026-02-07
1171,tradplusad.com,Streaming,BR,28665924,23.84,1231.56,86.1,2026-02-07
1172,mgslb.com,E-commerce,JP,31564881,53.61,381.71,11.87,2026-02-07
1173,dmm.co.jp,Search,BR,31487830,36.85,133.05,6.02,2026-02-07
1174,usnews.com,Social,IN,33876727,40.36,342.71,14.15,2026-02-07
1175,susercontent.com,Finance,US,32259671,53.6,338.39,10.52,2026-02-07
1176,eu.com,News,DE,29564537,56.18,327.72,9.72,2026-02-07
1177,digitaloceanspaces.com,News,IN,24810588,30.75,210.52,11.41,2026-02-07
1178,elcorteingles.es,Streaming,JP,33790775,23.23,751.37,53.91,2026-02-07
1179,pornpics.com,Tech,IN,23320548,46.24,537.8,19.38,2026-02-07
1180,rightmove.co.uk,Finance,DE,26368018,38.35,550.48,23.92,2026-02-07
1181,remove.bg,Tech,DE,23304015,47.75,525.4,18.34,2026-02-07
1182,abc.net.au,Tech,JP,30803572,56.92,356.0,10.42,2026-02-07
1183,itmedia.co.jp,Social,BR,30985006,53.57,147.52,4.59,2026-02-07
1184,janitorai.com,E-commerce,US,32804978,50.01,165.08,5.5,2026-02-07
1185,spankbang.com,Finance,US,23810916,42.13,411.09,16.26,2026-02-07
1186,contentsquare.net,Tech,IN,26878316,31.65,372.98,19.64,2026-02-07
1187,xhamster.desi,Streaming,JP,24552015,28.64,1243.73,72.38,2026-02-07
1188,marksandspencer.com,Search,DE,34190496,43.41,177.69,6.82,2026-02-07
1189,lichess.org,E-commerce,JP,26385587,30.59,319.67,17.42,2026-02-07
1190,severstal.com,Tech,BR,24216135,34.93,162.73,7.76,2026-02-07
1191,savefrom.net,Streaming,BR,33702606,25.9,1947.28,125.31,2026-02-07
1192,oecd.org,Search,DE,29028615,43.03,111.13,4.3,2026-02-07
1193,cnnbrasil.com.br,News,DE,25769928,40.82,331.49,13.53,2026-02-07
1194,finn.no,Social,BR,30542957,34.73,561.73,26.96,2026-02-07
1195,youporn.com,E-commerce,JP,32638168,42.87,256.14,9.96,2026-02-07
1196,lwsdns.com,News,IN,31537192,41.43,335.44,13.49,2026-02-07
1197,vkuseraudio.net,E-commerce,DE,24267540,54.76,268.41,8.17,2026-02-07
1198,ixl.com,Streaming,BR,32262318,22.13,935.65,70.47,2026-02-07
1199,jcpenney.com,Finance,DE,32039534,41.7,242.24,9.68,2026-02-07
1200,tabor.ru,Tech,DE,24337029,30.46,132.1,7.23,2026-02-07
1201,icanhazip.com,Finance,BR,26906092,50.39,335.8,11.11,2026-02-07
1202,spamhaus.org,Social,JP,29794861,51.23,180.61,5.88,2026-02-07
1203,dhl.com,Social,US,24154744,40.16,399.02,16.56,2026-02-07
1204,blooket.com,News,IN,33271414,43.71,154.7,5.9,2026-02-07
1205,psu.edu,Social,DE,32997551,56.93,544.12,15.93,2026-02-07
1206,wayground.com,Search,JP,26344413,45.18,121.92,4.5,2026-02-07
1207,adaether.com,Search,DE,33865770,36.85,159.63,7.22,2026-02-07
1208,acesso.gov.br,Tech,JP,30973777,32.96,183.36,9.27,2026-02-07
1209,xhamster44.desi,Search,DE,32125651,38.02,84.68,3.71,2026-02-07
1210,fb.me,Search,IN,27427399,36.9,140.24,6.33,2026-02-07
1211,mango.com,News,BR,26993293,52.85,306.59,9.67,2026-02-07
1212,gazzetta.it,Social,JP,30545577,31.82,272.0,14.25,2026-02-07
1213,yimg.com,E-commerce,IN,27945281,44.1,195.76,7.4,2026-02-07
1214,gtm-a2b2.com,News,BR,23359104,30.05,486.16,26.96,2026-02-07
1215,prom.ua,Finance,BR,24891995,39.95,239.45,9.99,2026-02-07
1216,redtube.com,Social,GB,30045917,45.45,462.58,16.96,2026-02-07
1217,cdiscount.com,News,JP,24015531,43.13,129.91,5.02,2026-02-07
1218,tgju.org,Search,IN,23454212,42.37,75.82,2.98,2026-02-07
1219,argos.co.uk,Tech,BR,28437156,48.47,558.25,19.2,2026-02-07
1220,sportybet.com,News,DE,30780971,39.43,464.55,19.64,2026-02-07
1221,namu.wiki,Search,US,27341564,46.1,71.86,2.6,2026-02-07
1222,buydomains.com,Social,GB,23562161,59.24,302.57,8.51,2026-02-07
1223,makemytrip.com,Search,JP,29119603,39.21,143.14,6.08,2026-02-07
1224,indiamart.com,News,BR,30523695,36.0,254.83,11.8,2026-02-07
1225,leroymerlin.fr,News,JP,32712936,35.5,512.41,24.06,2026-02-07
1226,riotcdn.net,Tech,US,31228634,59.3,248.7,6.99,2026-02-07
1227,fanfiction.net,Search,BR,30024734,35.16,156.71,7.43,2026-02-07
1228,idealista.com,Streaming,US,32736383,29.47,2138.41,120.94,2026-02-07
1229,fetlife.com,Finance,JP,27014612,49.76,569.54,19.08,2026-02-07
1230,company-target.com,Streaming,IN,33272396,17.3,700.72,67.51,2026-02-07
1231,alipay.com,Tech,BR,25978771,30.75,198.18,10.74,2026-02-07
1232,txnhh.com,E-commerce,DE,31313915,48.63,232.1,7.95,2026-02-07
1233,ultradns.com,Finance,US,31281642,30.56,403.77,22.02,2026-02-07
1234,hotpepper.jp,News,DE,28964474,52.23,516.81,16.49,2026-02-07
1235,merkur.de,Streaming,JP,34114223,28.95,2068.53,119.09,2026-02-07
1236,palmplaystore.com,E-commerce,IN,29557180,46.18,206.46,7.45,2026-02-07
1237,ebay.it,Search,US,24484098,41.28,132.42,5.35,2026-02-07
1238,hln.be,Tech,US,29008799,42.78,366.1,14.26,2026-02-07
1239,stackexchange.com,News,JP,33136879,48.23,424.33,14.66,2026-02-07
1240,google.it,Finance,JP,27522681,40.13,194.85,8.09,2026-02-07
1241,allocine.fr,Finance,IN,25387052,46.58,458.86,16.42,2026-02-07
1242,akismet.com,E-commerce,JP,23427816,57.43,579.38,16.81,2026-02-07
1243,livescore.com,E-commerce,IN,30711876,44.25,397.63,14.98,2026-02-07
1244,upenn.edu,Streaming,GB,29673710,23.69,1417.93,99.76,2026-02-07
1245,overwolf.com,News,US,32591561,59.91,491.12,13.66,2026-02-07
1246,marktplaats.nl,News,IN,28955988,58.7,505.76,14.36,2026-02-07
1247,litnet.com,Streaming,DE,31388204,18.57,2009.57,180.36,2026-02-07
1248,divar.ir,News,BR,24775475,45.84,303.97,11.05,2026-02-07
1249,myntra.com,Social,US,27239010,57.95,402.6,11.58,2026-02-07
1250,usercontent.goog,Streaming,IN,26407135,22.08,654.19,49.38,2026-02-07
1251,actu.fr,Search,US,28987644,39.73,163.46,6.86,2026-02-07
1252,contextweb.com,Finance,BR,28012271,30.48,472.25,25.82,2026-02-07
1253,lc.chat,Search,US,30135734,35.15,119.19,5.65,2026-02-07
1254,norton.com,News,GB,28007361,42.69,371.61,14.51,2026-02-07
1255,emag.ro,Tech,BR,31516503,56.3,211.22,6.25,2026-02-07
1256,rings.solutions,News,BR,26838511,54.01,203.6,6.28,2026-02-07
1257,ceneo.pl,News,GB,28711704,58.84,407.68,11.55,2026-02-07
1258,e621.net,News,IN,33524393,40.01,188.15,7.84,2026-02-07
1259,calculator.net,Tech,DE,25532290,54.51,577.05,17.64,2026-02-07
1260,noodlemagazine.com,Finance,BR,23309029,55.52,307.11,9.22,2026-02-07
1261,admanmedia.com,Tech,GB,26300716,32.72,243.63,12.41,2026-02-07
1262,igamecj.com,Finance,JP,28448001,30.8,534.87,28.94,2026-02-07
1263,zemanta.com,E-commerce,BR,32333136,40.42,459.76,18.96,2026-02-07
1264,medallia.com,Search,GB,28615954,43.06,88.59,3.43,2026-02-07
1265,dcinside.com,Streaming,DE,29661369,28.9,923.88,53.28,2026-02-07
1266,bilibili.tv,Search,BR,29048764,48.08,138.57,4.8,2026-02-07
1267,cricbuzz.com,Finance,IN,28294428,48.25,426.07,14.72,2026-02-07
1268,mydramalist.com,E-commerce,IN,26698173,44.16,396.76,14.97,2026-02-07
1269,vivox.com,Search,BR,30426790,49.05,160.11,5.44,2026-02-07
1270,xhamster2.com,Streaming,GB,31705798,15.27,2323.7,253.62,2026-02-07
1271,ucla.edu,Finance,GB,26341366,60.0,299.25,8.31,2026-02-07
1272,jusbrasil.com.br,Search,GB,25859017,40.11,75.5,3.14,2026-02-07
1273,boyfriendtv.com,Search,JP,27386059,35.76,140.87,6.57,2026-02-07
1274,tvn24.pl,Social,GB,31486731,54.62,518.5,15.82,2026-02-07
1275,futbin.com,Social,GB,30150253,47.71,484.25,16.92,2026-02-07
1276,bmj.com,Tech,US,25318394,36.25,306.76,14.1,2026-02-07
1277,funpay.com,Search,DE,32707812,45.93,162.99,5.91,2026-02-07
1278,naukri.com,News,US,30915223,37.39,522.7,23.3,2026-02-07
1279,coolmathgames.com,News,US,31456167,50.46,284.28,9.39,2026-02-07
1280,rfihub.com,Tech,BR,27963790,37.34,469.17,20.94,2026-02-07
1281,dlsite.com,News,IN,33193649,50.16,498.62,16.57,2026-02-07
1282,va.gov,Tech,US,33423458,50.31,372.63,12.34,2026-02-07
1283,xgroovy.com,News,JP,24231676,42.87,351.23,13.65,2026-02-07
1284,zdnet.com,News,IN,24731003,37.12,320.47,14.39,2026-02-07
1285,justdial.com,Search,GB,26600234,42.67,174.25,6.81,2026-02-07
1286,cam4.com,Search,BR,25471960,35.25,164.81,7.79,2026-02-07
1287,sun.com,News,US,27604236,55.87,398.7,11.89,2026-02-07
1288,donmai.us,Search,GB,29499103,35.21,85.7,4.06,2026-02-07
1289,ap4r.com,News,BR,22544617,56.94,476.46,13.95,2026-02-07
1290,dw.com,News,IN,33220210,31.93,336.6,17.57,2026-02-07
1291,metropoles.com,Streaming,IN,27517692,18.86,2058.61,181.92,2026-02-07
1292,mangabuff.ru,Search,US,29912095,46.56,146.37,5.24,2026-02-07
1293,gcash.com,Search,US,31670777,38.18,123.65,5.4,2026-02-07
1294,translate.goog,News,IN,29551298,39.73,258.86,10.86,2026-02-07
1295,youjizz.com,Social,US,31487617,52.15,574.21,18.35,2026-02-07
1296,turkiye.gov.tr,Social,DE,31736197,37.37,388.74,17.34,2026-02-07
1297,videy.co,Social,JP,32002374,55.9,145.53,4.34,2026-02-07
1298,xhamster19.com,Search,GB,26072058,46.85,117.36,4.18,2026-02-07
1299,thisvid.com,Search,DE,27544635,37.5,108.91,4.84,2026-02-07
1300,wiktionary.org,Social,DE,31708021,39.39,329.85,13.96,2026-02-07
1301,aternos.org,Streaming,GB,31460702,23.05,1006.08,72.75,2026-02-07
1302,novinky.cz,News,US,22173679,34.01,383.82,18.81,2026-02-07
1303,fdown.net,Tech,IN,25805874,56.17,320.36,9.51,2026-02-07
1304,pornone.com,Social,JP,27096255,37.02,156.97,7.07,2026-02-07
1305,nesine.com,Finance,US,22894698,55.29,266.54,8.03,2026-02-07
1306,fmkorea.com,Social,DE,22182827,40.17,459.45,19.06,2026-02-07
1307,uci.edu,Finance,DE,30271905,49.47,279.84,9.43,2026-02-07
1308,gst.gov.in,E-commerce,IN,30443138,41.52,415.61,16.68,2026-02-07
1309,starfall.com,Tech,DE,32131296,51.2,349.78,11.39,2026-02-07
1310,cardgames.io,Search,JP,30876306,38.0,177.03,7.76,2026-02-07
1311,ey43.com,Finance,US,26569651,38.34,159.65,6.94,2026-02-07
1312,irs.gov,Social,GB,24856818,53.19,312.55,9.79,2026-02-07
1313,subito.it,Tech,BR,32031818,39.7,511.28,21.46,2026-02-07
1314,mbga.jp,Tech,DE,26510445,31.5,578.19,30.59,2026-02-07
1315,cronista.com,E-commerce,JP,31466937,58.96,199.41,5.64,2026-02-07
1316,digikala.com,Search,US,25847979,42.48,109.45,4.29,2026-02-07
1317,asuracomic.net,Streaming,GB,31545383,22.63,1105.25,81.4,2026-02-07
1318,aznude.com,E-commerce,IN,25727819,58.14,332.71,9.54,2026-02-07
1319,e-volution.ai,Finance,IN,24700093,38.1,408.29,17.86,2026-02-07
1320,haberler.com,Search,DE,23706807,37.81,173.17,7.63,2026-02-07
1321,dantri.com.vn,Finance,US,32335539,59.03,390.0,11.01,2026-02-07
1322,imagefap.com,E-commerce,DE,26624551,59.54,596.61,16.7,2026-02-07
1323,xhopen.com,Social,JP,29393363,46.07,370.97,13.42,2026-02-07
1324,xhaccess.com,Streaming,IN,30111382,22.53,2225.4,164.62,2026-02-07
1325,toyhou.se,Finance,BR,22288735,36.57,200.29,9.13,2026-02-07
1326,fapello.com,E-commerce,GB,22467907,57.23,272.14,7.93,2026-02-07
1327,hitomi.la,News,US,23018753,30.47,543.96,29.75,2026-02-07
1328,hianime.to,Search,IN,25738235,45.12,117.35,4.33,2026-02-07
1329,missav.ws,Finance,IN,25481673,56.07,183.58,5.46,2026-02-07
1330,ntppool.org,Streaming,IN,31359149,15.34,1843.77,200.32,2026-02-07
1331,xnxx.tv,Search,US,22000669,49.24,86.12,2.91,2026-02-07
1332,e-hentai.org,Search,DE,24514971,45.64,168.77,6.16,2026-02-07
1333,sotwe.com,Finance,DE,23813457,50.75,356.48,11.71,2026-02-07
1334,jalan.net,Tech,DE,31960293,53.44,414.72,12.93,2026-02-07
1335,stbid.ru,Tech,GB,30762956,49.17,340.04,11.53,2026-02-07
1336,xhamster1.desi,Search,BR,26373176,47.6,105.48,3.69,2026-02-07
1337,wikihow.com,Search,BR,28192890,35.13,153.51,7.28,2026-02-07
1338,hollywoodbets.net,Social,DE,32625018,57.09,249.95,7.3,2026-02-07
1339,imhentai.xxx,Search,JP,30589945,49.12,127.85,4.34,2026-02-07
1340,kargo.com,Social,DE,22320749,47.91,340.91,11.86,2026-02-07
1341,ixxx.com,E-commerce,BR,32675444,47.63,466.63,16.33,2026-02-07
1342,moengage.com,Tech,IN,25203525,41.03,251.71,10.22,2026-02-07
1343,rule34video.com,Finance,US,23306077,46.16,317.43,11.46,2026-02-07
1344,xvv1deos.com,Tech,IN,27019233,58.6,398.63,11.34,2026-02-07
1345,netkeiba.com,Tech,US,29030371,38.41,427.67,18.56,2026-02-07
1346,kemono.cr,Social,BR,25723096,35.42,591.41,27.83,2026-02-07
1347,rainberrytv.com,Streaming,GB,25968361,28.46,1968.09,115.25,2026-02-07
1348,pornhub.org,Finance,JP,26358655,36.3,565.93,25.98,2026-02-07
1349,dagbladet.no,E-commerce,JP,23944271,33.59,276.52,13.72,2026-02-07
1350,xxxbp.tv,Search,DE,23629324,36.93,115.99,5.23,2026-02-07
1351,letsencrypt.org,Search,US,32630727,40.77,172.74,7.06,2026-02-07
1352,xvideos-cdn.com,Search,DE,25956621,42.99,69.84,2.71,2026-02-07
1353,xfinity.com,Social,GB,22499681,42.81,279.3,10.87,2026-02-07
1354,eepurl.com,Tech,BR,26639122,35.14,176.07,8.35,2026-02-07
1355,jable.tv,Streaming,IN,25377724,17.43,1060.97,101.45,2026-02-07
1356,bookmyshow.com,Tech,BR,22163857,49.77,335.79,11.24,2026-02-07
1357,18comic.vip,Search,GB,24014114,35.99,131.89,6.11,2026-02-07
1358,weathernews.jp,Search,IN,30526278,45.86,132.02,4.8,2026-02-07
1359,suumo.jp,E-commerce,DE,26732774,44.61,315.23,11.78,2026-02-07
1360,karnataka.gov.in,Social,GB,25645983,49.91,139.15,4.65,2026-02-07
1361,boardgamearena.com,Social,BR,23577871,56.7,177.17,5.21,2026-02-07
1362,russianfood.com,E-commerce,GB,22188583,58.86,583.6,16.53,2026-02-07
1363,jagran.com,E-commerce,BR,29772866,37.13,209.55,9.41,2026-02-07
1364,inven.co.kr,Social,JP,21749273,48.76,291.2,9.95,2026-02-07
1365,mercari.com,Search,JP,30694857,43.62,85.58,3.27,2026-02-07
1366,simpcity.cr,Finance,IN,24761424,49.45,545.83,18.4,2026-02-07
1367,filmweb.pl,Streaming,IN,23291825,28.58,999.82,58.31,2026-02-07
1368,action.com,Streaming,DE,23894689,27.23,1020.02,62.43,2026-02-07
1369,uidai.gov.in,E-commerce,JP,23724239,32.23,374.32,19.36,2026-02-07
1370,hugedomains.com,E-commerce,US,24225733,32.16,220.21,11.41,2026-02-07
1371,ilmeteo.it,News,BR,32009633,55.89,283.54,8.46,2026-02-07
1372,newyorker.com,Social,BR,24766541,40.19,360.73,14.96,2026-02-07
1373,game8.jp,Search,JP,29336468,48.83,101.36,3.46,2026-02-07
1374,statuspage.io,E-commerce,IN,31680438,56.06,302.2,8.98,2026-02-07
1375,iltalehti.fi,Search,DE,25744098,37.04,95.72,4.31,2026-02-07
1376,youm7.com,E-commerce,GB,24484826,32.0,150.84,7.86,2026-02-07
1377,skysports.com,Search,BR,25368791,49.77,84.89,2.84,2026-02-07
1378,idealista.it,E-commerce,DE,25042648,41.34,472.27,19.04,2026-02-07
1379,xvideos.es,Finance,DE,26297295,52.54,143.55,4.55,2026-02-07
1380,syosetu.com,News,BR,27024768,41.38,194.8,7.85,2026-02-07
1381,cqloud.com,News,JP,29191049,43.65,274.65,10.49,2026-02-07
1382,xhsocial.com,Streaming,BR,32274461,28.77,2000.78,115.91,2026-02-07
1383,navitime.co.jp,Finance,BR,24199512,54.39,528.68,16.2,2026-02-07
1384,sozcu.com.tr,Search,JP,28805433,40.16,79.92,3.32,2026-02-07
1385,tesla.com,Finance,IN,30754828,51.11,559.61,18.25,2026-02-07
1386,varzesh3.com,E-commerce,IN,31786109,40.81,289.54,11.82,2026-02-07
1387,fedex.com,Finance,IN,31827033,54.2,120.73,3.71,2026-02-07
1388,24h.com.vn,Search,JP,27871471,46.82,134.48,4.79,2026-02-07
1389,index.hr,E-commerce,US,27181118,53.32,289.16,9.04,2026-02-07
1390,zozo.jp,Streaming,GB,31244474,23.19,1018.51,73.2,2026-02-07
1391,mediaexpert.pl,E-commerce,IN,25838373,46.08,592.33,21.42,2026-02-07
1392,com.be,News,BR,24056446,53.27,448.57,14.03,2026-02-07
1393,cityheaven.net,Social,JP,24818122,32.67,444.64,22.68,2026-02-07
1394,blic.rs,Search,DE,29933832,44.6,130.83,4.89,2026-02-07
1395,otomoto.pl,News,US,23088052,31.22,132.83,7.09,2026-02-07
1396,ukdevilz.com,Social,DE,31125863,42.06,133.59,5.29,2026-02-07
1397,carsensor.net,Streaming,BR,21913381,18.01,1656.57,153.3,2026-02-07
1398,hdporncomics.com,E-commerce,IN,27603838,35.49,207.27,9.73,2026-02-07
1399,ekstrabladet.dk,Streaming,BR,23869858,20.03,860.5,71.6,2026-02-07
1400,pornhat.com,Streaming,BR,21783344,26.3,2242.47,142.11,2026-02-07
1401,gelbooru.com,Social,JP,27830591,33.38,554.73,27.7,2026-02-07
1402,ficbook.net,Search,US,22939515,40.98,130.06,5.29,2026-02-07
1403,missav.live,News,DE,27024841,39.6,150.17,6.32,2026-02-07
1404,superporn.com,Search,IN,24360097,36.67,126.74,5.76,2026-02-07
1405,ssstik.io,Tech,JP,27753126,46.97,462.39,16.41,2026-02-07
1406,betway.co.za,Social,BR,23998930,38.34,237.92,10.34,2026-02-07
1407,zdnscloud.cn,Finance,GB,26443495,36.31,413.57,18.98,2026-02-07
1408,bingoplus.com,News,GB,26556056,59.11,342.86,9.67,2026-02-07
1409,1mg.com,News,BR,22768978,54.1,555.77,17.12,2026-02-07
1410,indexww.com,Search,JP,28674151,39.98,61.06,2.55,2026-02-07
1411,cootlogix.com,Social,DE,25443096,37.88,343.81,15.13,2026-02-07
1412,testbook.com,Social,JP,22966748,52.41,246.01,7.82,2026-02-07
1413,3bmeteo.com,Streaming,DE,22700932,21.3,901.85,70.57,2026-02-07
1414,sxyprn.com,Tech,DE,21861494,53.55,580.73,18.07,2026-02-07
1415,mangago.me,E-commerce,IN,21508159,40.03,488.95,20.36,2026-02-07
1416,cardekho.com,Finance,BR,25511717,31.53,516.87,27.32,2026-02-07
1417,kooora.com,Tech,GB,22978385,49.19,342.74,11.61,2026-02-07
1418,luxuretv.com,Social,GB,22211945,33.21,561.68,28.19,2026-02-07
1419,liteapks.com,News,BR,30754826,34.18,570.02,27.8,2026-02-07
1420,gamewith.jp,Social,IN,21653583,38.74,292.29,12.57,2026-02-07
1421,us.com,Tech,US,31352356,57.54,497.63,14.41,2026-02-07
1422,torob.com,News,JP,21823963,45.19,141.07,5.2,2026-02-07
1423,cmoa.jp,Search,GB,30525313,38.8,141.07,6.06,2026-02-07
1424,pussyspace.com,News,US,24017826,42.85,278.43,10.83,2026-02-07
1425,sexvid.xxx,Search,BR,26036448,39.1,94.26,4.02,2026-02-07
1426,hanime1.me,News,IN,24830927,38.34,470.57,20.46,2026-02-07
1427,fpo.xxx,Social,US,28649110,44.86,593.56,22.05,2026-02-07
1428,fuq.com,Finance,BR,27013686,31.6,343.89,18.14,2026-02-07
1429,motherless.com,Streaming,JP,26109824,15.13,2293.31,252.62,2026-02-07
1430,eltiempo.es,Social,JP,27268194,53.22,129.29,4.05,2026-02-07
1431,mat6tube.com,Search,BR,29972908,44.01,136.14,5.16,2026-02-07
1432,aniwatchtv.to,Streaming,IN,30521268,15.88,739.59,77.62,2026-02-07
1433,clickpetroleoegas.com.br,Streaming,IN,22449846,28.27,1100.3,64.87,2026-02-07
1434,xnxx.es,Social,GB,24501121,48.67,374.72,12.83,2026-02-07
1435,xvideos2.com,E-commerce,BR,27374080,45.52,216.46,7.93,2026-02-07
1436,bt.dk,Search,JP,23873389,36.8,165.94,7.52,2026-02-07
1437,myreadingmanga.info,Finance,IN,27928959,39.51,337.09,14.22,2026-02-07
1438,cardmarket.com,Tech,IN,24314558,38.46,154.29,6.69,2026-02-07
1439,blxrbdn.com,Search,BR,31119601,46.23,122.73,4.42,2026-02-07
1440,faphouse.tv,E-commerce,JP,26959612,56.42,241.05,7.12,2026-02-07
1441,apple-cloudkit.com,News,DE,31473087,49.39,316.97,10.7,2026-02-07
1442,obqj2.com,E-commerce,DE,24090050,33.83,213.43,10.51,2026-02-07
1443,postgresql.org,Finance,DE,22544754,39.76,213.17,8.94,2026-02-07
1444,tokyomotion.net,E-commerce,IN,21411412,31.68,448.76,23.61,2026-02-07
1445,caliente.mx,Tech,BR,28946582,39.6,553.84,23.31,2026-02-07
1446,hqporner.com,E-commerce,IN,26048923,56.36,356.35,10.54,2026-02-07
1447,sex-studentki.team,News,JP,27651414,58.7,357.81,10.16,2026-02-07
1448,bookmark.xxx,Tech,JP,21368867,52.83,532.52,16.8,2026-02-07
1449,exhentai.org,Finance,IN,21462727,41.44,133.96,5.39,2026-02-07
1450,programme-tv.net,Streaming,US,26879517,24.69,1242.22,83.85,2026-02-07
1451,porno365.gold,Tech,BR,27819133,30.08,464.54,25.74,2026-02-07
1452,admin.ch,News,US,21428527,33.15,368.43,18.52,2026-02-07
1453,byteconnect.io,E-commerce,GB,25473869,39.86,155.64,6.51,2026-02-07
1454,kompoz2.com,Streaming,IN,21950654,15.03,1411.51,156.52,2026-02-07
1455,wow.xxx,Streaming,GB,24422844,29.39,1765.89,100.14,2026-02-07
1456,eci.gov.in,Search,DE,30282308,46.01,153.77,5.57,2026-02-07
1457,tycsports.com,Finance,US,22664591,31.69,481.01,25.3,2026-02-07
1458,ntp.br,News,BR,22214874,59.23,226.84,6.38,2026-02-07
1459,su89-cdn.net,E-commerce,JP,31145805,50.66,522.74,17.2,2026-02-07
1460,sinoptik.ua,E-commerce,JP,22428086,51.26,293.17,9.53,2026-02-07
1461,hdtube.porn,Search,JP,23129587,48.24,88.61,3.06,2026-02-07
1462,wisc.edu,Search,DE,25244323,38.93,136.76,5.85,2026-02-07
1463,xnxx.health,Search,JP,28460446,44.52,61.72,2.31,2026-02-07
1464,ruliweb.com,Streaming,GB,27169015,26.4,1223.28,77.23,2026-02-07
1465,zearn.org,Finance,DE,22300056,40.73,533.92,21.85,2026-02-07
1466,yzwtz.com,Streaming,JP,24931798,19.91,857.41,71.77,2026-02-07
1467,redwap.sex,News,IN,25872618,43.77,516.19,19.66,2026-02-07
1468,prokerala.com,Finance,DE,21497004,41.63,564.79,22.61,2026-02-07
1469,gdz.ru,Streaming,IN,24276017,22.83,1149.42,83.91,2026-02-07
1470,rat.xxx,E-commerce,US,31297752,39.94,574.05,23.95,2026-02-07
1471,dkitrxmdwoqruvsi.net,Finance,DE,29819161,50.85,244.93,8.03,2026-02-07
1472,ptt.cc,Tech,JP,29470223,33.17,419.14,21.06,2026-02-07
1473,missav123.com,Streaming,US,29134660,16.85,1871.85,185.15,2026-02-07
1474,apple.news,Search,JP,24761204,46.12,98.64,3.56,2026-02-07
1475,google.ru,Social,JP,27935114,35.45,277.64,13.05,2026-02-07
1476,supjav.com,Search,GB,25072703,42.89,172.79,6.71,2026-02-07
1477,njuskalo.hr,News,GB,22939239,55.15,438.17,13.24,2026-02-07
1478,missav.ai,Social,DE,28012805,56.58,319.06,9.4,2026-02-07
1479,goodreturns.in,Finance,US,22487343,33.81,149.44,7.37,2026-02-07
1480,wnacg.com,Social,IN,22213377,49.34,396.29,13.39,2026-02-07
1481,ijavhd.com,Social,IN,21586474,46.86,186.89,6.65,2026-02-07
1482,69shuba.com,News,IN,24603087,30.88,391.88,21.15,2026-02-07
1483,bato.to,Finance,US,25202803,37.76,308.2,13.6,2026-02-07
1484,carwale.com,Finance,US,25450394,30.29,406.52,22.37,2026-02-07
1485,xnxx-arabic.com,Search,DE,25205775,43.08,165.38,6.4,2026-02-07
1486,moviebox.ph,Social,DE,31009317,43.01,562.95,21.81,2026-02-07
1487,arca.live,E-commerce,IN,25576050,55.14,260.09,7.86,2026-02-07
1488,namasha.com,Social,GB,30170519,42.58,488.99,19.14,2026-02-07
1489,iporntv.net,Social,BR,22605219,39.4,284.11,12.02,2026-02-07
1490,desitales2.com,Social,IN,31078815,52.98,543.91,17.11,2026-02-07
1491,banvenez.com,Social,GB,22349589,57.91,130.79,3.76,2026-02-07
1492,nosv.org,News,JP,26912907,32.1,190.68,9.9,2026-02-07
1493,fastdl.app,Finance,IN,27116115,41.54,165.76,6.65,2026-02-07
1494,trustarc.com,Streaming,US,24095275,18.48,1885.39,170.04,2026-02-07
1495,qorno.com,News,GB,31013201,37.01,429.23,19.33,2026-02-07
1496,cam.ac.uk,Tech,GB,20930511,38.63,472.98,20.41,2026-02-07
1497,apdcdn.com,News,BR,27302400,36.77,353.43,16.02,2026-02-07
1498,listcrawler.eu,Social,GB,21909453,35.72,142.36,6.64,2026-02-07
1499,fatalmodel.com,E-commerce,DE,24416246,36.68,556.25,25.27,2026-02-07
1500,snaptik.app,E-commerce,BR,28322283,37.82,354.48,15.62,2026-02-07
